author,comment,aid,copyright,count,created,description,favorites,is_pay,length,mid,pages,pic,play,review,subtitle,title,typeid,video_review
,,,,,,,,,,,,,,,,,,
敖厂长,7743,48956942,,286,1554957465,500万粉丝达成 收藏充电硬币庆祝一波!,33507,0,13:05,122879,10,//i2.hdslb.com/bfs/archive/564e938ae040831fa1620981b2e6e33a51b72ffd.jpg,1303497,0,,【敖厂长】沙雕游戏主角死法超级华丽,17,14803
,,,,,,,,,,,,,,,,,,
敖厂长,6765,47556834,,286,1553752116,小伙伴们用收藏 充电来淹没我吧,47129,0,08:41,122879,10,//i0.hdslb.com/bfs/archive/631765baa186f41ae1a2cc60a45af9dd7c8d78ce.jpg,2699397,0,,【敖厂长】世界最早的恐怖游戏真的很高能吗?,17,13681
,,,,,,,,,,,,,,,,,,
敖厂长,8878,46898941,,286,1553150201,"我回来了,敢不敢来一大波收藏淹没我",51770,0,07:29,122879,10,//i1.hdslb.com/bfs/archive/fe068469298d3f9791c637c4c5d21e5c74d13615.jpg,3328078,0,,【敖厂长】20年前此暴力游戏火遍中国,17,13187
,,,,,,,,,,,,,,,,,,
敖厂长,6053,43412594,,286,1550043118,"囧的呼唤新一期 
众口难调,2019年只做自己想做的内容 
如果内容不符合你的口味,请您理解",26562,0,09:04,122879,10,//i2.hdslb.com/bfs/archive/237d3491ce8f359e9d1749c02e48b390915c6b36.jpg,3283160,0,,【敖厂长】超级沙雕射击游戏,17,12678
,,,,,,,,,,,,,,,,,,
敖厂长,6974,43111581,,286,1549777151,"囧的呼唤最新一期 
众口难调,只做自己想做的内容 
如果内容不符合你的口味,也请你理解和鼓励",35468,0,06:23,122879,10,//i0.hdslb.com/bfs/archive/7b5f84e3808542c5d811472a306e0e91920ce672.jpg,2644429,0,,【敖厂长】24年前竟把老板人头放到游戏中,17,9726
,,,,,,,,,,,,,,,,,,
敖厂长,6246,41567583,,286,1548648058,做起轻松的实况视频，提前祝大家春节快乐,9451,0,21:07,122879,10,//i2.hdslb.com/bfs/archive/85c7780618378ea19665020aa4e4e8cffbc92f5b.jpg,1559945,0,,【敖厂长】和小姐姐踩怪物,17,17146
,,,,,,,,,,,,,,,,,,
敖厂长,5211,41594501,,286,1548417654,任重道远 砥砺前行,7096,0,03:26,122879,10,//i2.hdslb.com/bfs/archive/275a5526422e58c98eae33ded846756bcbcf074e.jpg,1321607,0,,【敖厂长】剑走偏峰的武侠,17,4449
,,,,,,,,,,,,,,,,,,
敖厂长,8066,41398101,,286,1548149916,"囧的呼唤最新一期 
众口难调,只做自己想做的内容 
如果内容不符合你的口味,也请你理解和鼓励",28549,0,09:08,122879,10,//i0.hdslb.com/bfs/archive/9d91377a497006b85461952bf85043b2c7b1f745.jpg,2499357,0,,【敖厂长】12年前最扯淡三国游戏!,17,12723
,,,,,,,,,,,,,,,,,,
敖厂长,13532,41159967,,286,1547967051,,14424,0,05:43,122879,10,//i2.hdslb.com/bfs/archive/9af650b1fb6f308dac27f52c39150005c6068382.jpg,2290646,0,,【敖厂长】中国某些玩家真的在“玩”游戏吗?,17,9381
,,,,,,,,,,,,,,,,,,
敖厂长,3119,41026438,,286,1547790581,我不是吃货精神续作短篇 记得多多收藏,14175,0,05:07,122879,10,//i0.hdslb.com/bfs/archive/e4a7334d997c6c87c57baf0fa5edafbdaed87920.jpg,1984982,0,,【敖厂长】美女手机壳竟然暗藏机关,138,7952
,,,,,,,,,,,,,,,,,,
敖厂长,5286,39872316,,286,1546576330,收藏来一波，另外你破解视频彩蛋了吗,30903,0,10:44,122879,10,//i1.hdslb.com/bfs/archive/ebdb9b958fcace9ee858f7e540d2ec54e904c16a.jpg,2457847,0,,【敖厂长】胎死腹中的30年前游戏,17,11019
,,,,,,,,,,,,,,,,,,
敖厂长,6085,39299848,,286,1546068641,50年前美国小朋友玩什么？大家多多收藏啊,23677,0,09:46,122879,10,//i0.hdslb.com/bfs/archive/e459bcf3722bccf33b663a4d34f496a3a18b3edc.jpg,2126218,0,,【敖厂长】50年前美国小朋友玩什么？,17,13842
,,,,,,,,,,,,,,,,,,
敖厂长,4248,39220531,,286,1545990915,小伙伴们新年快乐啊，记得收藏哦！,17393,0,06:39,122879,10,//i2.hdslb.com/bfs/archive/246aac5e3bda9712c3ef9f60bbdada205683f4f3.jpg,1541992,0,,【敖厂长】超级难吃的小零食们!,138,7341
,,,,,,,,,,,,,,,,,,
敖厂长,6977,38725090,,286,1545480019,想知道18年更多的好游戏可以关注Tap的这个年度大赏：https://l.tapdb.net/PwS8YLFg,14341,0,02:55,122879,10,//i0.hdslb.com/bfs/archive/51d1c2d1255413f9c7ecf5a8199d3c80cfff770b.jpg,1716096,0,,【敖厂长】无人问津的澳大利亚游戏,17,4607
,,,,,,,,,,,,,,,,,,
敖厂长,6300,38661995,,286,1545387353,好久没给大家做搞笑视频啦，今天老子就是来搞笑的！,28564,0,07:37,122879,10,//i0.hdslb.com/bfs/archive/349462736e6b9019ad4fee50399386991555bc8e.jpg,2801598,0,,【敖厂长】巨搞笑的动作游戏！,17,13457
,,,,,,,,,,,,,,,,,,
敖厂长,16114,38125855,,286,1544788837,"游戏名:古剑奇谭3
http://game.bilibili.com/gjqt3",26030,0,08:24,122879,10,//i0.hdslb.com/bfs/archive/adbe2926c02dfc373a87b8223fc27300e539c10f.jpg,1983382,0,,【敖厂长】古剑奇谭3配得上优秀国产游戏吗?,17,7987
,,,,,,,,,,,,,,,,,,
敖厂长,6159,36995005,,286,1543466789,收藏真的太重要了，大家别忘了支持啊。大家多收藏，不出意外，下周还有新的《囧的呼唤》正片出炉,58056,0,10:20,122879,10,//i0.hdslb.com/bfs/archive/185d32e7bda827143b4c5d86346eb79717008be8.jpg,2680830,0,,【敖厂长】97年中国游戏史张冠李戴事件,17,17012
,,,,,,,,,,,,,,,,,,
敖厂长,6339,36648395,,286,1543046052,"光头厂长系列 更新啦

光头杀手游戏购买地址:https://store.steampowered.com/app/863550/HITMAN_2/",14616,0,11:20,122879,10,//i1.hdslb.com/bfs/archive/a6f569923bfa918e73697717a9bc700d673d9094.png,1592317,0,,【敖厂长】父亲竟用身体将亲生女儿击杀,17,11501
,,,,,,,,,,,,,,,,,,
敖厂长,8234,36109135,,286,1542456028,"【囧的呼唤番外篇】教课书级改编类游戏，教你如何在还原原著的情况下最大输出游戏的可玩性！
游戏名：火影忍者OL手游，下载地址： https://www.biligame.com/detail/?id=102333",17255,0,07:32,122879,10,//i1.hdslb.com/bfs/archive/34210a098f9a0ff1711e061e5b4e8396aa675d1f.jpg,2268913,0,,【敖厂长】一代神级动漫在中国的游戏改编之路！,17,10891
,,,,,,,,,,,,,,,,,,
敖厂长,9154,35533905,,286,1541657378,大家多多收藏 感谢支持,34365,0,08:02,122879,10,//i1.hdslb.com/bfs/archive/5ca3a7e75f0bb4117d99c16bb24b26fcf8f02c7a.jpg,2353357,0,,【敖厂长】国产剧特务用未来科技窃听,182,18297
,,,,,,,,,,,,,,,,,,
敖厂长,4699,35122314,,286,1541160017,"游戏名：巫师之昆特牌：王权的陨落
B站活动地址：https://www.bilibili.com/blackboard/activity-wushi3.html
有条件的同学正版支持下吧",11441,0,04:41,122879,10,//i1.hdslb.com/bfs/archive/e31eb463642c51adfc9d659a56beee1d3d544fc7.jpg,1852937,0,,【敖厂长】孝顺儿子与人联手毁容老母亲,17,5004
,,,,,,,,,,,,,,,,,,
敖厂长,7110,34101272,,286,1539863140,希望大家多多收藏啊！,25736,0,12:01,122879,10,//i1.hdslb.com/bfs/archive/e649ed4e0b0c654a205887599a62a202b1edb4f5.jpg,2427697,0,,【敖厂长】小学生最爱打飞机游戏竟是死局,17,20097
,,,,,,,,,,,,,,,,,,
敖厂长,4963,32155299,,286,1537519564,"囧的呼唤240期 大家多多充电收藏吧

另外,视频中出现了几架客机?",15206,0,07:44,122879,10,//i2.hdslb.com/bfs/archive/9ca075b2bb890235345259a5f0128b3fcb43dd09.png,2165239,0,,【敖厂长】PS4蜘蛛侠涉嫌侵权盗用?,17,13832
,,,,,,,,,,,,,,,,,,
敖厂长,4415,32100551,,286,1537444804,吾躯为神 战意永生,6780,0,04:10,122879,10,//i2.hdslb.com/bfs/archive/cadacd9e1d4faa2169b515aa23536d2a7e1172d1.png,1947325,0,,【敖厂长】一代战神惨遭科技变性,17,6580
,,,,,,,,,,,,,,,,,,
敖厂长,5498,31189491,,286,1536210286,囧的呼唤239期发布!希望大家喜欢,21457,0,06:53,122879,10,//i2.hdslb.com/bfs/archive/2f24167e5e6f9c93d3b81c909724a7ad2f6ae359.png,3444512,0,,【敖厂长】2018年最禽兽游戏!,17,15172
,,,,,,,,,,,,,,,,,,
敖厂长,6859,30732102,,286,1535639174,充电收藏硬币一条龙哦，记得寻找视频中的彩蛋图案,21564,0,07:52,122879,10,//i1.hdslb.com/bfs/archive/0dfb8d8982dc378162f11eb98d7d7c8b01340e5e.jpg,2659827,0,,【敖厂长】40年前画面超好游戏什么样?,17,14029
,,,,,,,,,,,,,,,,,,
敖厂长,4172,30177926,,286,1535091021,"游戏名:杀手狙击 HITMAN SNIPER

光头厂长狙击四部曲 完结撒花！

另外，下周发布囧的呼唤新作！",5538,0,07:53,122879,10,//i0.hdslb.com/bfs/archive/b21a7f4ed87016b24873112584940bc064b39468.png,1528394,0,,【敖厂长】度假胜地为何频发致命意外,17,6764
,,,,,,,,,,,,,,,,,,
敖厂长,5245,29807361,,286,1534700162,游戏名:HITMAN SNIPER CHALLENGE 杀手:狙击挑战,9341,0,09:41,122879,10,//i1.hdslb.com/bfs/archive/80582418beb9564f80b63340d5ab1e1d54899a17.png,1829848,0,,【敖厂长】竟将领导射入泳池(高清重制),17,10218
,,,,,,,,,,,,,,,,,,
敖厂长,5114,29665840,,286,1534566254,"游戏名:杀手6 hitman
steam购买地址：https://store.steampowered.com/app/236870/ 
有条件的同学正版支持下吧",7533,0,10:30,122879,10,//i0.hdslb.com/bfs/archive/ff890568da7996fa51f18a03cd47cf6be955439b.jpg,1684321,0,,【敖厂长】确定了!他就是你要杀的人,17,10112
,,,,,,,,,,,,,,,,,,
敖厂长,6495,29548440,,286,1534500031,游戏名: 杀手:狙击 hitman:sniper assassin,14848,0,19:30,122879,10,//i2.hdslb.com/bfs/archive/15a4abf6482011d8a89585121cebb390218f0d6f.jpg,2895551,0,,【敖厂长】竟在婚礼现场击毙岳父,17,24971
,,,,,,,,,,,,,,,,,,
敖厂长,8182,29451447,,286,1534420853,游戏名:《梦幻模拟战》正统续作，延续经典不仅靠高度还原，更靠老树新花与时俱进,8777,0,04:58,122879,10,//i0.hdslb.com/bfs/archive/f43a9629a758799fc04d976f60af1513cbfafd4c.jpg,1788348,0,,【敖厂长】日本殿堂级游戏革新之路,17,11176
,,,,,,,,,,,,,,,,,,
敖厂长,7538,28989880,,286,1533880176,收藏硬币一条龙服务有木有,28156,0,09:35,122879,10,//i2.hdslb.com/bfs/archive/54a1725fe4ae80d2dfb937c78e9b533d0d4ecb58.png,3512688,0,,【敖厂长】2017年最烂RPG,17,18276
,,,,,,,,,,,,,,,,,,
敖厂长,5534,28806124,,286,1533729625,游戏名:阿瑞斯病毒,7225,0,72:49,122879,10,//i2.hdslb.com/bfs/archive/61d6a78299e36e957cc3376eaba25d9d78d99a96.jpg,1637519,0,,【敖厂长】丧尸厂长(架空篇),172,17819
,,,,,,,,,,,,,,,,,,
敖厂长,5700,28424974,,286,1533288734,游戏名:大金刚热带寒流 封面出现在视频画面几分几秒?,7439,0,52:04,122879,10,//i1.hdslb.com/bfs/archive/bb9cd29bebacccd28358c4538ee2aaa86a8978dc.png,2120259,0,,【敖厂长】奇妙的关卡设计,17,19675
,,,,,,,,,,,,,,,,,,
敖厂长,5759,28178859,,286,1533028265,游戏名:蘑菇头队长-财宝猎人,6344,0,42:25,122879,10,//i1.hdslb.com/bfs/archive/d9d3ed7efb1bac3af8d7f88c41c7722fffa600bc.png,1405394,0,,【敖厂长】任天堂蘑菇游戏,17,18362
,,,,,,,,,,,,,,,,,,
敖厂长,6528,27760260,,286,1532578981,游戏名:捣蛋猪1.0,5083,0,14:54,122879,10,//i2.hdslb.com/bfs/archive/07645e4c5bd8e99dc043c28f07522b0c149129e0.png,1617364,0,,【敖厂长】猪猪造车游戏,17,15933
,,,,,,,,,,,,,,,,,,
敖厂长,52871,26725241,,286,1531410541,"囧的呼唤 十周年!你可以尽情的充电,收藏,投币一起庆祝!",178952,0,25:46,122879,10,//i2.hdslb.com/bfs/archive/de8a38ea170c3019060585bf4168a338fd94d2c1.png,3903269,0,,【敖厂长10】烂尾的游戏冒险(雅达利寻剑),17,179097
,,,,,,,,,,,,,,,,,,
敖厂长,7309,26209914,,286,1530879345,BW活动为何被黄牛利用,5662,0,05:05,122879,10,//i1.hdslb.com/bfs/archive/ba3e9453ed536113fe0360cb2bd171770b4b30ac.jpg,1346499,0,,【敖厂长】BW究竟值得去吗,21,5318
,,,,,,,,,,,,,,,,,,
敖厂长,9197,25753282,,286,1530181173,"本期视频作为开胃甜点奉献给大家,因为七月和八月会有几道囧的呼唤十周年大餐!!!",13563,0,09:19,122879,10,//i0.hdslb.com/bfs/archive/f00f8a10965b2304c8cbdb6828b713e9c5c12845.png,2487721,0,,【敖厂长】死掉的极品飞车游戏,17,14181
,,,,,,,,,,,,,,,,,,
敖厂长,7473,24934927,,286,1529323200,"游戏名:比特小队
这是实况，实况！不是囧的呼唤，重要的事情一定要强调！",4412,0,21:12,122879,10,//i2.hdslb.com/bfs/archive/c880b9800317a4c035d0b70ac8663525dc66353d.jpg,2173324,0,,【敖厂长】据说99%的人过不了第一关?,17,13957
,,,,,,,,,,,,,,,,,,
敖厂长,6742,24206563,,286,1527786077,囧的呼唤235期 各位六一儿童节快乐!,12889,0,08:46,122879,10,//i1.hdslb.com/bfs/archive/92705cbc6f305ac45728fcf80beb427349412295.png,2579538,0,,【敖厂长】台湾雷人三国游戏,17,21125
,,,,,,,,,,,,,,,,,,
敖厂长,5355,23903304,,286,1527249629,"相关游戏: 轮回决
简介补充: 游戏名:轮回决",4000,0,04:45,122879,10,//i1.hdslb.com/bfs/archive/93ec9763c6e4793be344c402ce3854517d5d7451.jpg,1102259,0,,【敖厂长】国产神话题材游戏如何寻找突破,172,8396
,,,,,,,,,,,,,,,,,,
敖厂长,5696,23570842,,286,1526576867,奉上实况一枚 游戏名:animal super squad,9813,0,14:57,122879,10,//i2.hdslb.com/bfs/archive/b59da80a73212a2915e7e8ae2a4b1309b390a50b.png,1923442,0,,【敖厂长】搞笑鸡鸡赛车游戏,17,15012
,,,,,,,,,,,,,,,,,,
敖厂长,10494,23232168,,286,1525925669,囧的呼唤制作好累 大家硬币收藏充电来一波哦,48775,0,11:00,122879,10,//i0.hdslb.com/bfs/archive/0f8483b698f0f38d10fa1d2329f8933f5c2f19ae.png,3381107,0,,【敖厂长】27年前竟有如此震撼的游戏,17,41789
,,,,,,,,,,,,,,,,,,
敖厂长,4264,22870782,,286,1525276803,"相关游戏: 武林外传
简介补充: 番外篇 游戏名:武林外传官方手游 5月3日开启同福相聚测试",4380,0,04:45,122879,10,//i0.hdslb.com/bfs/archive/372dbdda2f95e30fcb0837b4d858fac24b6d0f59.jpg,1186782,0,,【敖厂长】国内知名COSER穿越明朝,172,4656
,,,,,,,,,,,,,,,,,,
敖厂长,7720,22675881,,286,1524897394,"游戏名:Cities: Skylines（无mod）

《囧的呼唤》233期

本期视频采用不同的风格，调剂大家的胃口，换个花样，在介绍近几年的新游戏的时候《囧的呼唤》系列又有不同的呈现和观感",11070,0,10:03,122879,10,//i0.hdslb.com/bfs/archive/d3e987ebf0cb8cd1309f5fc7c44efc1a1cc6e479.png,2333548,0,,【敖厂长】九旬老太为何暴毙家中,17,24413
,,,,,,,,,,,,,,,,,,
敖厂长,13833,22022253,,286,1523620820,"相关游戏: 贪玩蓝月
简介补充: 贪玩蓝月真的有人玩吗?张家辉代言费是多少?",18305,0,06:09,122879,10,//i1.hdslb.com/bfs/archive/59615a44d4dd35be6cfe3422f0e6cd84f7c7f1c4.jpg,4837813,0,,【敖厂长】贪玩蓝月真的有人玩吗?,17,15698
,,,,,,,,,,,,,,,,,,
敖厂长,9347,21530925,,286,1522601171,"头号玩家观后感,记得投币收藏哦",39213,0,08:27,122879,10,//i1.hdslb.com/bfs/archive/7b74edd94785d2993516077b24896124f0df368f.png,2723410,0,,【敖厂长】头号玩家与世界第一款游戏彩蛋,17,20459
,,,,,,,,,,,,,,,,,,
敖厂长,8807,21137637,,286,1521892806,"相关游戏: 绝地求生
简介补充: 立志成为国内最菜吃鸡视频作者",5601,0,27:38,122879,10,//i0.hdslb.com/bfs/archive/df0dc308cd4d934e7c6d73e19fa5e760bf031a4c.jpg,1944287,0,,【敖厂长】国内最菜吃鸡主播,172,26224
,,,,,,,,,,,,,,,,,,
敖厂长,7426,21073729,,286,1521694104,有人问我哥们是谁，请看右边充电榜，里面都是我的黄金哥们；再看上面收藏数，这些都是我的白银哥们,45479,0,15:35,122879,10,//i0.hdslb.com/bfs/archive/8957904397ec70010f883d9c296865aae02a953f.png,3047756,0,,【敖厂长】女朋友沦为祭品的游戏,17,24663
,,,,,,,,,,,,,,,,,,
敖厂长,10421,20801392,,286,1521110329,收藏充电越多，下一期就会越快发布！,49311,0,10:49,122879,10,//i0.hdslb.com/bfs/archive/f75b4db2c085496173361b00e15aa230e5859446.jpg,2980998,0,,【敖厂长】女朋友变异的古怪游戏,17,20713
,,,,,,,,,,,,,,,,,,
敖厂长,9294,20516332,,286,1520500625,囧的呼唤 正式复出! 投币收藏让视频更新更稳地,26794,0,18:25,122879,10,//i2.hdslb.com/bfs/archive/6a2138812b756ed4401c7683b4320dd0559d5b30.png,3154861,0,,【敖厂长】88年敏感游戏被删改,17,26990
,,,,,,,,,,,,,,,,,,
敖厂长,5082,18996608,,286,1517470036,MC厂长 完结篇！为整个系列划下完美句号,4567,0,35:06,122879,10,//i0.hdslb.com/bfs/archive/fd9557a6d72aa7a86623b5dd4d7b2a7be7bf6287.png,885106,0,,【MC厂长】最后的冒险(MC完结!),17,13286
,,,,,,,,,,,,,,,,,,
敖厂长,4153,18471601,,286,1516334295,MC厂长 中国季第九期,3622,0,23:42,122879,10,//i0.hdslb.com/bfs/archive/fbdafd3f4ca7d9ec455414eb9e039eb493035cec.png,1242539,0,,【MC厂长】林中小屋,17,9235
,,,,,,,,,,,,,,,,,,
敖厂长,3241,17495053,,286,1513913675,MC厂长 第八集,3501,0,18:42,122879,10,//i1.hdslb.com/bfs/archive/85677a3234711a9bcddad055e76136ac70fb2108.png,1642559,0,,【MC厂长】草泥马旅行团,17,8935
,,,,,,,,,,,,,,,,,,
敖厂长,7554,17257576,,286,1513250181,良心制作 希望大家能投币收藏充个电,31943,0,08:30,122879,10,//i0.hdslb.com/bfs/archive/e51ec36d654559de9d2d197f4d77ee60302fa754.png,3147829,0,,【敖厂长】只能在白天通关的游戏,17,35442
,,,,,,,,,,,,,,,,,,
敖厂长,3844,17050359,,286,1512709509,MC厂长 中国季第七期,3254,0,16:23,122879,10,//i0.hdslb.com/bfs/archive/a3a2be0262737b2194c1a2f4f8801e4be0d82267.png,1210520,0,,【MC厂长】小姐姐久别重逢,17,8527
,,,,,,,,,,,,,,,,,,
敖厂长,5550,16865450,,286,1512199775,MC厂长 第六期,7875,0,21:53,122879,10,//i1.hdslb.com/bfs/archive/51c90dd40207b50d32c934cbc28ff50884297813.png,1740349,0,,【MC厂长】配置要求最高的柳树,17,16258
,,,,,,,,,,,,,,,,,,
敖厂长,5732,16595136,,286,1511429037,欢迎点击优酷视频 http://i.youku.com/hawkaoao,19039,0,09:00,122879,10,//i1.hdslb.com/bfs/archive/0a9872f31e468c151be4f2aa89b787d36b49177a.png,3208774,0,,【敖厂长】20年前美国超奇怪游戏,17,15108
,,,,,,,,,,,,,,,,,,
敖厂长,4353,16403516,,286,1510899808,"相关游戏: 我的世界
简介补充: MC厂长 中国季第五期",5119,0,16:33,122879,10,//i0.hdslb.com/bfs/archive/f5ee8bee1b796762d288a31fef28d2fc9996675a.jpg,1586354,0,,【MC厂长】我终于上天了,17,9130
,,,,,,,,,,,,,,,,,,
敖厂长,5318,16164197,,286,1510221337,"相关游戏: 神秘海域；
简介补充: 欢迎点击我的优酷空间 http://i.youku.com/hawkaoao",12278,0,07:10,122879,10,//i1.hdslb.com/bfs/archive/61481e78e8ff1945da1b85e56391c6b172d1cf4d.jpg,2301404,0,,【敖厂长】在GBA上玩神秘海域,17,17515
,,,,,,,,,,,,,,,,,,
敖厂长,2936,15758688,,286,1509069523,"相关游戏: 我的世界
简介补充: MC厂长 中国季4",4518,0,17:45,122879,10,//i0.hdslb.com/bfs/archive/906f798bfda8d798279a6dff7c418e97d110ebc4.jpg,1010650,0,,【MC厂长】三打末影龙,17,8612
,,,,,,,,,,,,,,,,,,
敖厂长,8441,15534849,,286,1508407553,"点击优酷视频，获得制作囧的呼唤的动力
http://i.youku.com/hawkaoao",14566,0,09:15,122879,10,//i0.hdslb.com/bfs/archive/a92061c7e1882bfa21ca9dcb4c8b95559f79b68d.jpg,2805362,0,,【敖厂长】日本精神污染游戏,17,30862
,,,,,,,,,,,,,,,,,,
敖厂长,5433,15317693,,286,1507782357,【神秘的中国古城】MC厂长 中国季3,4831,0,18:36,122879,10,//i1.hdslb.com/bfs/archive/7b2db5284745120a096c9cd13f9975f8abfe2635.jpg,1197226,0,,【MC厂长】神秘的中国古城,17,20414
,,,,,,,,,,,,,,,,,,
敖厂长,4536,14937471,,286,1506788479,【敖厂长】弹弹大作战,1428,0,19:26,122879,10,//i1.hdslb.com/bfs/archive/b129e13f6bac44192c7b56021dc5d150e757aad0.jpg,643721,0,,【敖厂长】弹弹大作战,172,7680
,,,,,,,,,,,,,,,,,,
敖厂长,3497,14890661,,286,1506663624,MC厂长 中国季第二期,3074,0,23:58,122879,10,//i1.hdslb.com/bfs/archive/6ba8520fb7bf06d38d1e54a2ddda4d909d8a244b.jpg,777190,0,,【MC厂长】奇怪的港口,17,12576
,,,,,,,,,,,,,,,,,,
敖厂长,7545,14757751,,286,1506258014,本期视频优酷地址: http://i.youku.com/hawkaoao,11839,0,06:52,122879,10,//i2.hdslb.com/bfs/archive/298ebfda828d15077a6a7cd9b488497743edf83e.jpg,2159269,0,,【敖厂长】世界第一台掌机,17,19174
,,,,,,,,,,,,,,,,,,
敖厂长,6465,14606570,,286,1505808387,游戏名：缺氧 wegame 9月21日,3932,0,03:58,122879,10,//i2.hdslb.com/bfs/archive/7177913d3e1c99b1ceb8ca054eec90cfefaa02b2.jpg,1571978,0,,【敖厂长】烂鸡蛋第一期,17,4573
,,,,,,,,,,,,,,,,,,
敖厂长,9381,14482110,,286,1505480431,MC厂长 中国季第一期,6600,0,20:02,122879,10,//i1.hdslb.com/bfs/archive/bfca8794b84dec00627a8cc180955cffc0a113e1.png,1530314,0,,【MC厂长】不要跟陌生人说话,17,26439
,,,,,,,,,,,,,,,,,,
敖厂长,8365,14254599,,286,1504789823,敖厂长优酷空间 欢迎点击视频 http://i.youku.com/hawkaoao,11234,0,06:28,122879,10,//i2.hdslb.com/bfs/archive/621237331d8483e5d390bcd761e1bdd8e59f38af.jpg,2121028,0,,【敖厂长】世界第一台随身听,190,19378
,,,,,,,,,,,,,,,,,,
敖厂长,9867,13782866,,286,1503640361,仙境传说RO:守护永恒的爱,6030,0,04:54,122879,10,//i2.hdslb.com/bfs/archive/6e54bc2277b1592a562bb259067228586c4cd8e4.jpg,2082089,0,,【敖厂长】富有争议的手游,172,12800
,,,,,,,,,,,,,,,,,,
敖厂长,11349,13515454,,286,1503047513,囧的呼唤223期,15995,0,06:55,122879,10,//i2.hdslb.com/bfs/archive/72830b06c7d26f3105bec91efe1a9e7311923eca.jpg,3120822,0,,【敖厂长】前苏联游戏怪异传说,17,31257
,,,,,,,,,,,,,,,,,,
敖厂长,14258,12770845,,286,1501434347,游戏名:疯狂贪吃蛇,5919,0,12:28,122879,10,//i2.hdslb.com/bfs/archive/c86a6dca5756029579c741e62f1b5f37f2cc697f.jpg,1575322,0,,【敖厂长】疯狂贪吃蛇,172,22612
,,,,,,,,,,,,,,,,,,
敖厂长,35703,12719263,,286,1501320254,原创视频制作不易，大家收藏硬币来一波,112347,0,13:42,122879,10,//i0.hdslb.com/bfs/archive/4b23d48df493ff48273beaa6eef7d864facc33fa.png,4352866,0,,【敖厂长】史上最垃圾游戏判明!,17,141519
,,,,,,,,,,,,,,,,,,
敖厂长,12007,12293375,,286,1500286841,原创视频制作不易，大家且看且珍惜,40559,0,07:19,122879,10,//i0.hdslb.com/bfs/archive/05837d52912627bee6a7736eea91e1f003db7743.jpg,2507751,0,,【敖厂长】20年前的电子游戏森林冒险,17,26383
,,,,,,,,,,,,,,,,,,
敖厂长,11373,12073366,,286,1499788830,游戏名：创世战车,10844,0,13:02,122879,10,//i0.hdslb.com/bfs/archive/7393e0593c6ee3c852758649fa3070d56f6c4e7e.jpg,1983459,0,,【敖厂长】创世战斗机,65,48238
,,,,,,,,,,,,,,,,,,
敖厂长,6220,11962855,,286,1499395548,丧尸厂长 第三季 (封面画师:钢笔),17068,0,372:24,122879,10,//i0.hdslb.com/bfs/archive/6c96a81186651d1131bc059abd1f9c897999f22b.jpg,1824053,0,,【敖厂长】丧尸厂长第三季(完结),17,80093
,,,,,,,,,,,,,,,,,,
敖厂长,8079,11733920,,286,1498743610,原创视频制作不易，观众老爷多投币多收藏,21200,0,11:20,122879,10,//i0.hdslb.com/bfs/archive/061a199d4efaed0e03e4ddbb23ee3b285ff8c8a3.jpg,3630025,0,,【敖厂长】横跨11年怪诞游戏事件,17,22030
,,,,,,,,,,,,,,,,,,
敖厂长,6164,11539985,,286,1498147271,游戏名:汐   据说最新版本会降低难度~,3256,0,20:32,122879,10,//i0.hdslb.com/bfs/archive/2e3168170778f2e4c00e1f0a0f51316133c764de.jpg,1555265,0,,【敖厂长】菜B厂长跳高,17,34291
,,,,,,,,,,,,,,,,,,
敖厂长,4801,11343245,,286,1497511259,本期视频为实况解说，游戏名：婚姻危机7,5058,0,31:50,122879,10,//i1.hdslb.com/bfs/archive/14fa3e6a265bb5cbe0c9f32869f7345c554937c1.png,2039418,0,,【敖厂长】我要离婚！,17,48744
,,,,,,,,,,,,,,,,,,
敖厂长,8074,11165947,,286,1496916855,敖厂长微博:http://weibo.com/hawkao,9278,0,08:55,122879,10,//i0.hdslb.com/bfs/archive/ff9e084bb87a1369665141d23a608ac488c00b01.jpg,3022106,0,,【敖厂长】超贱超搞笑的禽兽游戏,17,34092
,,,,,,,,,,,,,,,,,,
敖厂长,14366,10810305,,286,1495728052,舰娘游戏在国内的火热程度与日本无法相提并论，不知道B站代理的《碧蓝航线》能不能让更多玩家投身舰娘游戏http://blhx.biligame.com/,3418,0,03:03,122879,10,//i2.hdslb.com/bfs/archive/6b5d36fc78640add4c1af1b840128772154d7149.jpg,1453498,0,,【敖厂长】战舰与少女,172,9486
,,,,,,,,,,,,,,,,,,
敖厂长,4886,10624549,,286,1495010894,一定要看这期视频，敖厂长亲笔写下本篇作文，文章讲述一个夜班护士妹妹在人民医院神秘失踪，然而真相却令人发指,1454,0,05:19,122879,10,//i2.hdslb.com/bfs/archive/7103f97cc60599076fab5f598eef12b9462b6c4f.jpg,1755531,0,,【敖厂长】夜班护士神秘失踪,172,10918
,,,,,,,,,,,,,,,,,,
敖厂长,5159,10450675,,286,1494518447,CSGO国服,1923,0,23:40,122879,10,//i1.hdslb.com/bfs/archive/342d8d9f1dd45c0f11c780bf28405d35f3c299c8.jpg,1337190,0,,【敖厂长】湖畔激情对射,171,11601
,,,,,,,,,,,,,,,,,,
敖厂长,15407,10310868,,286,1493900273,【敖厂长】让你耳朵怀孕的FC游戏 囧的呼唤218期,35912,0,18:57,122879,10,//i2.hdslb.com/bfs/archive/5fed2d6f769c580eeabd8b55ba7f12932052e6bf.jpg,3099976,0,,【敖厂长】让你耳朵怀孕的FC游戏,17,65659
,,,,,,,,,,,,,,,,,,
敖厂长,10837,10151928,,286,1493367040,腾讯游戏惨遭停运,7564,0,08:03,122879,10,//i1.hdslb.com/bfs/archive/6001bf94a2ee8d58056b6a3fd4107a4badb40227.jpg,3114906,0,,【敖厂长】腾讯游戏惨遭停运,17,32731
,,,,,,,,,,,,,,,,,,
敖厂长,5014,9984534,,286,1492747585,游戏名:不思议迷宫,1615,0,53:18,122879,10,//i0.hdslb.com/bfs/archive/236421c63ae7fabd6f76489009680f5c860e685f.jpg,1266668,0,,【敖厂长】是男人就下50层,17,12029
,,,,,,,,,,,,,,,,,,
敖厂长,11960,9652960,,286,1491476847,"优酷地址,欢迎点击:http://v.youku.com/v_show/id_XMjY5MTM4MTY0OA==.html",15722,0,16:50,122879,10,//i0.hdslb.com/bfs/archive/97ae5811a65f3a3b0a9a4093ef9fa783c67fc207.jpg,3100784,0,,【敖厂长】沦为骗局的PS4游戏,17,32908
,,,,,,,,,,,,,,,,,,
敖厂长,6617,9506999,,286,1490950924,游戏名:看门狗2,15150,0,22:16,122879,10,//i0.hdslb.com/bfs/archive/389a53b7b95ebcba9e4152843ce4c69b1983628f.jpg,2900469,0,,【敖厂长】拆散情侣正确方式,65,41313
,,,,,,,,,,,,,,,,,,
敖厂长,10925,9350079,,286,1490295985,游戏名:塞尔达传说 荒野之息,11378,0,48:45,122879,10,//i1.hdslb.com/bfs/archive/02cb57469b8e68bfaa501060f0d3a56fd7429dff.png,2746550,0,,【敖厂长】荒岛求生,17,48455
,,,,,,,,,,,,,,,,,,
敖厂长,13107,9058659,,286,1489058594,"优酷地址,欢迎点击：http://i.youku.com/hawkaoao",15777,0,08:47,122879,10,//i0.hdslb.com/bfs/archive/683a495f98b44b6be0476849df21ac2aa4086efa.jpg,3837665,0,,【敖厂长】青春期教育游戏,17,30523
,,,,,,,,,,,,,,,,,,
敖厂长,35770,8215980,,286,1485340893,你会是我的女朋友吗?,6672,0,00:57,122879,10,//i2.hdslb.com/bfs/archive/c48e3693a1694a57e15979b8a6a1185b87fa91a6.jpg,2454136,0,,【敖厂长】你会是我的女朋友吗?,21,15711
,,,,,,,,,,,,,,,,,,
敖厂长,7610,8168102,,286,1485141649,火炬之光手游,1520,0,04:15,122879,10,//i0.hdslb.com/bfs/archive/9a15b0ed0f47380b5c907cafdd0a1c101591a1ca.jpg,1615684,0,,【敖厂长】经典端游手游化,172,7930
,,,,,,,,,,,,,,,,,,
敖厂长,8296,8079770,,286,1484735242,游戏名: 诺诺来自异世界,4350,0,04:44,122879,10,//i1.hdslb.com/bfs/archive/f416147ffcb28df9829adba09a0dc7448ed9b8ed.jpg,1607840,0,,【敖厂长】一位少女的故事,172,15814
,,,,,,,,,,,,,,,,,,
敖厂长,4234,7985363,,286,1484287737,优酷地址:http://v.youku.com/v_show/id_XMjI2NDkwMzE5Ng==.html,10966,0,08:39,122879,10,//i2.hdslb.com/bfs/archive/1da87f719355f48584634b86243ba5ebb9c9aefa.jpg,3170320,0,,【敖厂长】东欧搞笑射击游戏,17,20051
,,,,,,,,,,,,,,,,,,
敖厂长,8784,7781981,,286,1483173958,祝大家2017年新年快乐,3597,0,04:03,122879,10,//i1.hdslb.com/bfs/archive/4a4b2d61dfe5858e79491c37f8e039e08972d97e.jpg,1527212,0,,【敖厂长】我的2016总结,138,22338
,,,,,,,,,,,,,,,,,,
敖厂长,5008,7640529,,286,1482384748,创世战车 2016.12.23,8200,0,32:13,122879,10,//i1.hdslb.com/bfs/archive/9798018e225872966faebe70445543a25e781683.jpg,2109697,0,,【敖厂长】战车厂长,17,48693
,,,,,,,,,,,,,,,,,,
敖厂长,16833,7550874,,286,1481877694,"敖厂长的优酷空间 欢迎点击
http://i.youku.com/hawkaoao",20294,0,08:54,122879,10,//i2.hdslb.com/bfs/archive/73c45b22a3b4a654c27750f04c842ac096877a85.jpg,4593293,0,,【敖厂长】约P软件暗藏骗局,21,56369
,,,,,,,,,,,,,,,,,,
敖厂长,6973,7438593,,286,1481198098,【2016年最禽兽游戏】囧的呼唤210期 野生禽兽赛车,13550,0,07:49,122879,10,//i1.hdslb.com/bfs/archive/a84b8df1aef5c3029de9760361819583ff0f7ede.jpg,4294455,0,,【敖厂长】2016年最禽兽游戏,17,30483
,,,,,,,,,,,,,,,,,,
敖厂长,14801,7346471,,286,1480666693,【敖厂长】国产手游迎来春天 崩坏3rd,4502,0,05:23,122879,10,//i2.hdslb.com/bfs/archive/2eddfbadd2d806a6783111ae617ad677cb875103.jpg,1971678,0,,【敖厂长】国产手游迎来春天,172,15072
,,,,,,,,,,,,,,,,,,
敖厂长,15211,7159368,,286,1479529755,艾希 登陆PS4 和 STEAM,18209,0,07:55,122879,10,//i1.hdslb.com/bfs/archive/d3ac9966838ef3efe05b2bb223dfbb85edce1f84.jpg,2711554,0,,【敖厂长】国产独立游戏迎来春天,17,25307
,,,,,,,,,,,,,,,,,,
敖厂长,5468,7051454,,286,1478856518,优酷地址，欢迎点击：http://v.youku.com/v_show/id_XMTgxNDkzNjAwMA==.html,5225,0,08:35,122879,10,//i2.hdslb.com/bfs/archive/c808562628c77755a853891c3751c12a34dfdef9.jpg,2474292,0,,【敖厂长】国产游戏竟有海外特供版,17,19180
,,,,,,,,,,,,,,,,,,
敖厂长,3468,7026059,,286,1478679088,使命召唤无限战争 僵尸模式,2996,0,46:50,122879,10,//i0.hdslb.com/bfs/archive/e65578cdc4874ef2819b35574fe4bad27e44bf8c.jpg,1685262,0,,【敖厂长】单刷牛魔王,17,16115
,,,,,,,,,,,,,,,,,,
敖厂长,5025,6999029,,286,1478495969,优酷地址:http://v.youku.com/v_show/id_XMTc1Nzg3NjkyMA==.html,14739,0,06:45,122879,10,//i0.hdslb.com/bfs/archive/38ad0c248070e0e687d5cf95ace7fbabd9acf3c3.jpg,2639189,0,,【敖厂长】川普侠,17,14771
,,,,,,,,,,,,,,,,,,
敖厂长,5727,6953642,,286,1478246602,youku地址 欢迎点击：http://v.youku.com/v_show/id_XMTgwNTI0NzE4NA==.html,6021,0,10:23,122879,10,//i1.hdslb.com/bfs/archive/0d466d9ef5d3e0aa7e314a4a1c497dd0e3dc642a.jpg,2356431,0,,【敖厂长】骨骼精奇的德国游戏,17,25564
,,,,,,,,,,,,,,,,,,
敖厂长,5748,6633726,,286,1476166481,【敖厂长】屌丝买房,3729,0,29:38,122879,10,//i1.hdslb.com/bfs/archive/c36723421bac5171dd9a993fb699edac351dedcc.jpg,1975027,0,,【敖厂长】屌丝买房,172,28781
,,,,,,,,,,,,,,,,,,
敖厂长,9587,6495459,,286,1475376690,"优酷地址，欢迎点击
http://v.youku.com/v_show/id_XMTc0NDQyNTMxMg==.html?from=y1.7-1.1",8092,0,07:59,122879,10,//i1.hdslb.com/bfs/archive/4525a6061353b3562b526ecf2ac8e2fac3cd21bd.jpg,2900845,0,,【敖厂长】暴死的国产首款游戏主机,17,25100
,,,,,,,,,,,,,,,,,,
敖厂长,4805,6464960,,286,1475181008,丧尸厂长第二季 18集完结！,17792,0,431:46,122879,10,//i1.hdslb.com/bfs/archive/f1fcefc05b1cc2ae76e56a5128dd47dfb8eaab9b.jpg,2072778,0,,【敖厂长】丧尸厂长第二季 完结！,17,64999
,,,,,,,,,,,,,,,,,,
敖厂长,4065,6384185,,286,1474620563,游戏名: 僵尸漫步 平台:安卓手机,3675,0,18:33,122879,10,//i1.hdslb.com/bfs/archive/df251df5d055be93bc19eeeba64447f3cbef2fd6.jpg,1808023,0,,【敖厂长】抽风扯蛋游戏,172,15563
,,,,,,,,,,,,,,,,,,
敖厂长,3644,6311005,,286,1474041509,MC厂长 冒险家AO回家了!,4051,0,12:51,122879,10,//i1.hdslb.com/bfs/archive/e3a345e5219c98d423a435f226dc946559cdb409.jpg,1120509,0,,【MC厂长】教你做月饼,17,24403
,,,,,,,,,,,,,,,,,,
敖厂长,6751,6276958,,286,1473857761,普通的小学生会花五毛钱买一包辣条来犒劳课后的自己，那么针对那些有钱的小学生，有没有市场定位比较高端一点的黑暗零食呢？这就零食中的贵族飞毛腿！,7411,0,04:29,122879,10,//i2.hdslb.com/bfs/archive/048fc8f19f222f957328f5da4e68181b0a662b57.jpg,2189774,0,,【敖厂长】暗黑零食飞毛腿！,76,19982
,,,,,,,,,,,,,,,,,,
敖厂长,5697,6209709,,286,1473396498,迷你敖厂长 第四期 STEAM游戏 [斯大林请冷静],17738,0,22:52,122879,10,//i2.hdslb.com/bfs/archive/4d9cab65b3db3b197608832eba8aa2305f21c860.jpg,2980979,0,,【敖厂长】斯大林请冷静！,17,45005
,,,,,,,,,,,,,,,,,,
敖厂长,6924,6201477,,286,1473325520,记得访问敖厂长的优酷视频空间 http://i.youku.com/hawkaoao,9385,0,07:30,122879,10,//i0.hdslb.com/bfs/archive/5b0bce5e81dad718913c8c653c8a4336cc1001e6.jpg,2928061,0,,【敖厂长】国军抗日题材游戏,17,17513
,,,,,,,,,,,,,,,,,,
敖厂长,23182,6018306,,286,1472192556,欢迎点击优酷地址：http://v.youku.com/v_show/id_XMTcwMDU3OTYyMA==.html,65550,0,15:24,122879,10,//i1.hdslb.com/bfs/archive/7f6c3db824362454efe3f44818340956acaf4b22.jpg,4409181,0,,【敖厂长】打脸!魂斗罗水下八关存在,17,101370
,,,,,,,,,,,,,,,,,,
敖厂长,8824,5953981,,286,1471860519,"点击优酷地址，为哥们下期发大招充能
http://v.youku.com/v_show/id_XMTY5NTE2NDAxMg==.html?from=y1.7-1.1",10997,0,10:13,122879,10,//i2.hdslb.com/bfs/archive/3677984bb85976f55eab6a64c69078ff5e9623e3.jpg,2652306,0,,【敖厂长】抢滩登陆你玩过吗,17,36979
,,,,,,,,,,,,,,,,,,
敖厂长,11336,5904847,,286,1471608784,上期番外引发巨大争议，本期为上期续,3211,0,05:24,122879,10,//i1.hdslb.com/bfs/archive/d0214e8bfbf6f7edab2fce0f5c5fc92ea482b539.jpg,1356968,0,,【敖厂长】剑侠情缘如何应对未来,17,15624
,,,,,,,,,,,,,,,,,,
敖厂长,9038,5766519,,286,1470913445,优酷地址，欢迎点击：http://v.youku.com/v_show/id_XMTY4MDUzOTAyOA==.html,13285,0,09:55,122879,10,//i2.hdslb.com/bfs/archive/b9fa39b76ae7945b1467ddb4069dc749da473496.jpg,2483155,0,,【敖厂长】吓死人的邪神手办,17,44520
,,,,,,,,,,,,,,,,,,
敖厂长,14626,5685228,,286,1470495312,200期敖厂长有你们陪伴，我很高兴！,25919,0,07:50,122879,10,//i2.hdslb.com/bfs/archive/80597e30aa09b29b3bae997282f6d9fe46f2a31d.jpg,2177532,0,,【敖厂长】200期 达成！,17,52299
,,,,,,,,,,,,,,,,,,
敖厂长,33237,5566516,,286,1469872506,优酷地址，欢迎点击：http://v.youku.com/v_show/id_XMTY2MzA0ODA0OA==.html?from=y1.7-1.1,5929,0,06:35,122879,10,//i0.hdslb.com/bfs/archive/03b7068ec62a8636ccb3d7851abab99e400c32ca.jpg,1960811,0,,【敖厂长】千万不能吐槽女性向游戏,172,39027
,,,,,,,,,,,,,,,,,,
敖厂长,5262,5520855,,286,1469618027,光头厂长 全集优酷地址：http://v.youku.com/v_show/id_XMTY0MzYxNTk0OA==.html?f=27749971&amp;from=y1.7-1.3,6853,0,28:10,122879,10,//i1.hdslb.com/bfs/archive/9d4766334bd699d5c1da32d353a68ac0ecf36f39.jpg,1384693,0,,【光头厂长】豪华合集！（三部曲）,17,45454
,,,,,,,,,,,,,,,,,,
敖厂长,8130,5425058,,286,1469073985,"优酷地址，欢迎点击
http://v.youku.com/v_show/id_XMTY1MjExNDkxNg==.html",12003,0,12:07,122879,10,//i0.hdslb.com/bfs/archive/911f5f567f752e0846b756800dcfd021899ab8e4.jpg,2712955,0,,【敖厂长】魂斗罗水下八关最后真相,17,33431
,,,,,,,,,,,,,,,,,,
敖厂长,7626,5331166,,286,1468488933,实况视频，不喜勿看,4700,0,14:13,122879,10,//i0.hdslb.com/bfs/archive/ac2c3857606bf1f84642ceb92a5f6f0f56811f42.jpg,1677848,0,,【光头厂长】将军之死,17,27940
,,,,,,,,,,,,,,,,,,
敖厂长,8838,5264578,,286,1468058337,"优酷地址，欢迎点击
http://v.youku.com/v_show/id_XMTYzNzQyMTQ4OA==.html",15973,0,07:17,122879,10,//i2.hdslb.com/bfs/archive/a2f0bdb34328e70c233591ef118060ad3e5558d3.jpg,3294839,0,,【敖厂长】真正的俄罗斯GTA,17,40561
,,,,,,,,,,,,,,,,,,
敖厂长,7491,5215787,,286,1467729719,"充电补充我一周的泡面啊
优酷地址欢迎点击：http://v.youku.com/v_show/id_XMTYzMjg3NzU3Mg==.html",14794,0,09:41,122879,10,//i0.hdslb.com/bfs/archive/5775642068a890be8a9f276061a4cb0b8b281fd0.jpg,3395105,0,,【敖厂长】俄罗斯手游炸毁你手机,172,36869
,,,,,,,,,,,,,,,,,,
敖厂长,5226,5148013,,286,1467277043,"MC厂长第四季全集
http://v.huya.com/u/1213962885",5947,0,26:41,122879,10,//i0.hdslb.com/bfs/archive/7e530a77fd746b64ebbc47e5fadcd4b53e59a6d3.jpg,1277709,0,,【MC厂长】终极核试验,17,57919
,,,,,,,,,,,,,,,,,,
敖厂长,13302,5067136,,286,1466674562,"充电可召唤神级哥们！
始于2008年！敖厂长视频制作八周年纪念",41613,0,22:07,122879,10,//i0.hdslb.com/bfs/archive/fbaaf90c6687d41688b60cb6bdd23a40b501b213.jpg,6406954,0,,【敖厂长】变态做出来的游戏,17,94324
,,,,,,,,,,,,,,,,,,
敖厂长,3459,4847800,,286,1464924183,自制 世界上最丑的冰雪奇缘主题棒棒糖,7206,0,04:37,122879,10,//i0.hdslb.com/bfs/archive/95ef302117bf1a6650c8faf2fda69137615637c7.jpg,1793358,0,,【敖厂长】丑哭你的棒棒糖,138,20193
,,,,,,,,,,,,,,,,,,
敖厂长,7353,4770523,,286,1464255391,自制 优酷地址 欢迎点击:http://v.youku.com/v_show/id_XMTU4NDc3NjA4MA==.html,7921,0,09:08,122879,10,//i0.hdslb.com/bfs/archive/e1b65cf57ea20b3a270a1f803df6e3d9b6e8d8d3.jpg,2730841,0,,【敖厂长】99年国产显卡杀手,17,25373
,,,,,,,,,,,,,,,,,,
敖厂长,10089,4760308,,286,1464160279,自制 在中国特殊的市场环境下，大家认为免费玩游戏是理所应当的事情，于是一大批适应中国玩家免费游戏观的特供游戏开始涌现，这些都是著名的游戏品牌，却包含了中国特色。而当腾讯遇到了EA王牌FIFA足球系列后，会产生怎样的化学反应呢？,3575,0,06:13,122879,10,//i0.hdslb.com/bfs/archive/a52b29f04249107ad6624a4a53a44af1d6c34146.jpg,1729696,0,,【敖厂长】腾讯遭遇EA,17,14685
,,,,,,,,,,,,,,,,,,
敖厂长,5416,4632903,,286,1463061863,"自制 充电可召唤哥们

优酷地址 欢迎点击：http://v.youku.com/v_show/id_XMTU2NzgwMTY3Ng==.html",8170,0,12:29,122879,10,//i0.hdslb.com/bfs/archive/84b903fda3bafce8e2a8ab9ecc09d056a919521c.jpg,2200195,0,,【敖厂长】血狮并不存在？！,17,33361
,,,,,,,,,,,,,,,,,,
敖厂长,4243,4498542,,286,1461901790,自制 优酷地址，欢迎点击支持：http://v.youku.com/v_show/id_XMTU1MTk3NzMzNg==.html,4518,0,08:36,122879,10,//i1.hdslb.com/bfs/archive/6e42a3807d8b578f42675415a3925b0a8b20f281.jpg,1770000,0,,【敖厂长】星际鲜为人知的资料片,171,13592
,,,,,,,,,,,,,,,,,,
敖厂长,3849,4433792,,286,1461297739,自制 优酷清晰版地址。欢迎点击：http://v.youku.com/v_show/id_XMTU0Mzg5OTUxMg==.html,10635,0,12:08,122879,10,//i2.hdslb.com/bfs/archive/e32b4dc003dd11ce4d5f6d937be1b5d381c35e76.jpg,3227588,0,,【敖厂长】被冤死的优秀游戏,17,23736
,,,,,,,,,,,,,,,,,,
敖厂长,3390,4369197,,286,1460695222,自制 优酷地址，欢迎点击：http://v.youku.com/v_show/id_XMTUzNTQ4OTg0NA==.html,17022,0,08:28,122879,10,//i1.hdslb.com/bfs/archive/b378eb2e1d8d5d4a7eda44ec7108bbe45ab3726c.jpg,4372407,0,,【敖厂长】首款涉黄FPS,17,26179
,,,,,,,,,,,,,,,,,,
敖厂长,3551,4303917,,286,1460042851,自制 敖厂长直播地址:http://www.huya.com/1318221679,8426,0,40:11,122879,10,//i1.hdslb.com/bfs/archive/d9fd3b165ecfb0f8507fd1e3a341b827bd6c0055.jpg,2002568,0,,【敖厂长】哥们团大战挂逼,17,42123
,,,,,,,,,,,,,,,,,,
敖厂长,4185,4235068,,286,1459421076,自制 优酷清晰版地址，欢迎点击：http://v.youku.com/v_show/id_XMTUxODU4MDYzMg==.html,6375,0,11:29,122879,10,//i0.hdslb.com/bfs/archive/0be0584b9bacb8b7d315b855a4aa74f470266a0c.jpg,1969223,0,,【敖厂长】罕见的星际争霸黑历史,171,18827
,,,,,,,,,,,,,,,,,,
敖厂长,3360,4064351,,286,1457636827,自制 敖厂长直播地址:http://www.huya.com/1318221679,4240,0,55:04,122879,10,//i1.hdslb.com/bfs/archive/d7cf33aa048d7c8b494da430119db97b8888c2e1.jpg,1607370,0,,【敖厂长】厂长同居了,17,30353
,,,,,,,,,,,,,,,,,,
敖厂长,5290,3940124,,286,1456312996,自制 优酷 720P清晰地址：http://v.youku.com/v_show/id_XMTQ4MTA2OTAxNg==.html,8439,0,09:06,122879,10,//i0.hdslb.com/bfs/archive/83bd2d7b43e0f11821978224002d577078a268ab.jpg,3006165,0,,【敖厂长】台湾游戏藏惊天秘密,17,32689
,,,,,,,,,,,,,,,,,,
敖厂长,8111,3870670,,286,1455716609,自制 优酷地址，欢迎大家点击支持：http://v.youku.com/v_show/id_XMTQ3NDQxNjQzMg==.html?from=y1.7-1.1,42787,0,08:22,122879,10,//i2.hdslb.com/bfs/archive/9022b00372044807175aa8e5b67e6e27e842ed74.jpg,5250833,0,,【敖厂长】最搞笑杀人游戏,17,88245
,,,,,,,,,,,,,,,,,,
敖厂长,3902,3651907,,286,1453607684,自制 优酷地址:http://v.youku.com/v_show/id_XMTQ1NTExMjg4NA==.html,9068,0,06:17,122879,10,//i2.hdslb.com/bfs/archive/d9e5799cdb6c7b8e969a06fc7c697e200af333fc.jpg,2377126,0,,【敖厂长】死侍最强超级英雄?,17,22794
,,,,,,,,,,,,,,,,,,
敖厂长,3280,3446850,,286,1451019977,自制 优酷观看地址：http://v.youku.com/v_show/id_XMTQyMzQ1OTAwMA==.html,11340,0,07:07,122879,10,//i2.hdslb.com/bfs/archive/93d23e9db258902319f1b45994f973abbae9dc65.jpg,2335235,0,,【敖厂长】EXCEL暗藏恐怖游戏,17,27673
,,,,,,,,,,,,,,,,,,
敖厂长,3402,3315637,,286,1449026008,自制 正当防卫3 直播录像,5367,0,18:13,122879,10,//i2.hdslb.com/bfs/archive/a9c9fe77bc706cb34301b8108d321dc3399bbc2e.jpg,1955957,0,,【敖厂长】鞭的妙用,17,28818
,,,,,,,,,,,,,,,,,,
敖厂长,4290,3176804,,286,1446791970,自制 优酷地址：http://v.youku.com/v_show/id_XMTM3OTAxNzgxMg==.html,12426,0,13:04,122879,10,//i1.hdslb.com/bfs/archive/8a4ebe4a852a7ebea8e61753f19c73ade4a0bd0e.jpg,4264717,0,,【敖厂长】竟然过审的成人游戏,17,69733
,,,,,,,,,,,,,,,,,,
敖厂长,5045,3108127,,286,1445664637,自制 优酷地址:http://v.youku.com/v_show/id_XMTM2NzE1Mzc5Mg==.html,9417,0,09:17,122879,10,//i0.hdslb.com/bfs/archive/793c0641cda1af4b178a98e71a403c8084978606.jpg,2717507,0,,【敖厂长】暗黑零食虾扯蛋,21,41666
,,,,,,,,,,,,,,,,,,
敖厂长,5104,2998642,,286,1443870106,"自制 在东京拍的日常,声音不清晰请见谅",7332,0,21:49,122879,10,//i2.hdslb.com/bfs/archive/c8c3cefcc45232b34242edcc9f8c4f97fa476e13.jpg,1556093,0,,【敖厂长+陆夫人+乌鸦】品尝岛国饮料,21,54701
,,,,,,,,,,,,,,,,,,
敖厂长,12637,2980024,,286,1443614523,自制 优酷地址：http://v.youku.com/v_show/id_XMTM0ODgxMjEyNA==.html,13392,0,13:53,122879,10,//i1.hdslb.com/bfs/archive/88045251842f01e12a0a630bf453c2fd95c3d1c6.jpg,2779615,0,,【敖厂长】被盗版杀死的国产良心FPS,17,66118
,,,,,,,,,,,,,,,,,,
敖厂长,4184,2891679,,286,1441943022,自制 优酷地址：http://v.youku.com/v_show/id_XMTMzMjgzODYzNg==.html,7684,0,09:25,122879,10,//i2.hdslb.com/bfs/archive/1fea79463929c7e60a7bc183ca1e572c5b0fb428.jpg,2789123,0,,【敖厂长】国产最屌抗战游戏,17,33924
,,,,,,,,,,,,,,,,,,
敖厂长,8656,2849443,,286,1441175671,自制 优酷地址:http://v.youku.com/v_show/id_XMTMyNTQ5MzI2NA==.html,6042,0,07:23,122879,10,//i2.hdslb.com/bfs/archive/df608fa4f115716995f6c4a01fa896d51c97e1e8.jpg,2804467,0,,【敖厂长】岛国最丑女角游戏,17,39864
,,,,,,,,,,,,,,,,,,
敖厂长,5945,2820457,,286,1440739268,自制 优酷地址：http://v.youku.com/v_show/id_XMTMyMTI2OTA4OA==.html,4893,0,33:31,122879,10,//i0.hdslb.com/bfs/archive/3fdcb4dc37bbf96f95a93179e8f2a30cf27964cf.jpg,1409572,0,,【敖厂长】MC厂长 全剧终,17,137007
,,,,,,,,,,,,,,,,,,
敖厂长,4131,2800471,,286,1440475693,自制 观看前自行调高画面亮度，以及最好不带耳机观看本视频,2962,0,21:59,122879,10,//i0.hdslb.com/bfs/archive/4795314aff792f7ad6fc3447051ea16df6a1f5dc.jpg,1737190,0,,【敖厂长】恐怖僵尸（上）,17,41686
,,,,,,,,,,,,,,,,,,
敖厂长,3141,2796085,,286,1440406186,自制 优酷地址：http://v.youku.com/v_show/id_XMTMxNzgxNDU2NA==.html,2989,0,39:33,122879,10,//i2.hdslb.com/bfs/archive/d07d19a671488433b8241787e0d43a32a9e7139e.jpg,985015,0,,【MC厂长】讨伐！冰雪公主,17,76949
,,,,,,,,,,,,,,,,,,
敖厂长,2959,2758251,,286,1439884745,自制 优酷地址：http://v.youku.com/v_show/id_XMTMxMjc0MDExNg==.html,2162,0,20:36,122879,10,//i0.hdslb.com/bfs/archive/2129669cc6624de485d62bed715475aca5c4f212.jpg,802181,0,,【MC厂长】讨伐！哀之恶魂,17,55434
,,,,,,,,,,,,,,,,,,
敖厂长,2611,2712465,,286,1439186854,自制 youku地址：http://v.youku.com/v_show/id_XMTMwNTg5NTI1Ng==.html,2362,0,22:33,122879,10,//i1.hdslb.com/bfs/archive/147804f9060ecfab49caf020cfe756c01bc04a65.jpg,932278,0,,【MC厂长】幻影骑士之怨,17,50318
,,,,,,,,,,,,,,,,,,
敖厂长,2526,2658484,,286,1438333184,自制 优酷地址：http://v.youku.com/v_show/id_XMTI5Nzg4MzI1Ng==.html,2940,0,33:54,122879,10,//i2.hdslb.com/bfs/archive/19682b40d1d65e4ecf8666b8b381727a6f84fcd2.jpg,1079532,0,,【MC厂长】凋灵VS九头蛇,17,87865
,,,,,,,,,,,,,,,,,,
敖厂长,2975,2640891,,286,1438058010,自制 【九头蛇之战】MC厂长第三季8,2436,0,20:27,122879,10,//i0.hdslb.com/bfs/archive/e7344476ab6e3e75a6a2016d39d59190bc9dd7ec.jpg,1068296,0,,【MC厂长】九头蛇之战,17,55933
,,,,,,,,,,,,,,,,,,
敖厂长,10191,2620549,,286,1437710525,自制 囧的呼唤182期,5038,0,11:17,122879,10,//i2.hdslb.com/bfs/archive/9de5f5c9b3e396577d73a4ce6355e1b24a7a66f4.jpg,2843734,0,,【敖厂长】无法被宽容的仙剑6,17,36194
,,,,,,,,,,,,,,,,,,
敖厂长,3561,2566047,,286,1436758852,自制 【能召唤僵尸的权杖】MC厂长第三季4,2713,0,34:18,122879,10,//i0.hdslb.com/bfs/archive/623770d450cf9bd4500db8edd559165e7d575764.jpg,1157043,0,,【MC厂长】能召唤二奶的权杖,17,64424
,,,,,,,,,,,,,,,,,,
敖厂长,1988,2552803,,286,1436518144,自制 【MC厂长】查巫妖邻居的水表,2390,0,18:32,122879,10,//i2.hdslb.com/bfs/archive/efaee5543c3551c68fdddcfc9a907192ab7f2cbf.jpg,849734,0,,【MC厂长】查巫妖邻居的水表,17,38542
,,,,,,,,,,,,,,,,,,
敖厂长,2671,2537558,,286,1436244489,自制 如何发现和战胜贪食蛇,2570,0,15:59,122879,10,//i2.hdslb.com/bfs/archive/3cf5900678682d83b744b698b768a21fbc4ea538.jpg,992700,0,,【MC厂长】讨伐! 臃肿贪食蛇,17,29453
,,,,,,,,,,,,,,,,,,
敖厂长,3390,2518583,,286,1435896845,自制 优酷720P地址：http://v.youku.com/v_show/id_XMTI3NjEzMTcyMA==.html,5915,0,11:00,122879,10,//i1.hdslb.com/bfs/archive/b5e6be01f265c461871155a92fb639e013fceb12.png,2623261,0,,【敖厂长】松鼠大战怪诞秘闻,17,42466
,,,,,,,,,,,,,,,,,,
敖厂长,3894,2475575,,286,1435064298,自制 MC厂长第三季度 暮色之光!新的旅程!,4565,0,25:11,122879,10,//i2.hdslb.com/bfs/archive/e42b1761cec15ab5734e31ff161d7996dd8f9b29.png,1607434,0,,【MC厂长】闹鬼的小屋,17,76642
,,,,,,,,,,,,,,,,,,
敖厂长,2099,2458323,,286,1434725211,自制 直播录像精选，大家端午节快乐,3539,0,49:43,122879,10,//i2.hdslb.com/bfs/archive/86964f92e78d53c59e4e75a206a36b37740fd6b3.jpg,1688986,0,,【敖厂长】厂长装B实录,17,74953
,,,,,,,,,,,,,,,,,,
敖厂长,4096,2350994,,286,1432276619,"囧的呼唤 本视频还有其他两个独占成就,自己去寻找哦,集齐可以召唤合金装备REX一台",7770,0,14:19,122879,10,//i1.hdslb.com/bfs/archive/ca3cfb09abee498856161dce2608abbb33d4385e.jpg,2533388,0,,【敖厂长】即将消亡的合金装备系列,17,39441
,,,,,,,,,,,,,,,,,,
敖厂长,2295,2326241,,286,1431664094,720P清晰版本:http://v.youku.com/v_show/id_XOTU2MTQ1OTQ0.html,4629,0,08:22,122879,10,//i0.hdslb.com/bfs/archive/26af28eb81908b20bac3ab1a2df73b2b082fae83.jpg,2429081,0,,【敖厂长】极品飞车一代见过没?,17,21146
,,,,,,,,,,,,,,,,,,
敖厂长,3347,2271803,,286,1430382323,自制 优酷地址：http://i.youku.com/u/UMjA0NTg4Njcy,13201,0,12:25,122879,10,//i1.hdslb.com/bfs/archive/c134dcc5a935f9996ac9822e6be3ece36e22b882.jpg,4264716,0,,【敖厂长】乌克兰射击游戏教做人,17,56018
,,,,,,,,,,,,,,,,,,
敖厂长,1793,2261295,,286,1430058941,自制 敖厂长+黑桐谷歌+白妈+碎碎念,1323,0,15:49,122879,10,//i1.hdslb.com/bfs/archive/31a3de56b1b028e8cfd60bb0f7b8d6652ddc6c36.jpg,779089,0,,【敖厂长+黑桐谷歌】突袭游艇,17,10107
,,,,,,,,,,,,,,,,,,
敖厂长,1806,2251583,,286,1429853942,自制 敖厂长+黑桐谷歌+白妈+SEXMACHINE,3341,0,14:22,122879,10,//i0.hdslb.com/bfs/archive/65761ab02490c808992028a9fc96d5599f2244cd.png,1513796,0,,【敖厂长+黑桐谷歌】突袭航母,17,26816
,,,,,,,,,,,,,,,,,,
敖厂长,1723,2239641,,286,1429501376,自制 囧的呼唤172期续集,1158,0,11:01,122879,10,//i0.hdslb.com/bfs/archive/34674c2d2327bea4b14ad5c82a74fd1a49c4cfd3.png,719111,0,,【敖厂长】情敌施计害厂长续,65,16023
,,,,,,,,,,,,,,,,,,
敖厂长,4373,2149872,,286,1427438963,敖厂长 720P 清晰版地址:http://v.youku.com/v_show/id_XOTIxMDI5NDI0.html,18977,0,14:26,122879,10,//i1.hdslb.com/bfs/archive/4ecc5826339eaf75a65f06ac8aadc9da5a2c5319.jpg,4108091,0,,【敖厂长】超级马莉扭曲的黑历史,17,60940
,,,,,,,,,,,,,,,,,,
敖厂长,3454,2130792,,286,1426923134,敖厂长作品 720P清晰版地址：http://v.youku.com/v_show/id_XOTE2NzA0NDc2.html,11332,0,11:01,122879,10,//i0.hdslb.com/bfs/archive/2959dac91c445e05e53dbf2bb53a20691bf0d416.jpg,2989333,0,,【敖厂长】超级马莉水下256关传闻,17,43868
,,,,,,,,,,,,,,,,,,
敖厂长,2283,2073243,,286,1425437806,敖厂长 720P地址：http://v.youku.com/v_show/id_XOTAxNDQwNjU2.html,3884,0,25:51,122879,10,//i2.hdslb.com/bfs/archive/fcaa03bddaa6376320074550bedb3ae8b47d1147.jpg,1679142,0,,【敖厂长】MC中贩卖人口,17,116241
,,,,,,,,,,,,,,,,,,
敖厂长,4355,2059913,,286,1425121911,敖厂长 720P观看地址：http://v.youku.com/v_show/id_XOTAxNzkwMDI0.html,6706,0,09:54,122879,10,//i2.hdslb.com/bfs/archive/def842d4bc16dba6007c144b4d600283d640dbc6.jpg,2743630,0,,【敖厂长】被查处的美国游戏,17,50558
,,,,,,,,,,,,,,,,,,
敖厂长,3930,2039746,,286,1424760395,敖厂长 幸福的新时代即将到来!,10575,0,29:45,122879,10,//i1.hdslb.com/bfs/archive/fe7df9c78469a926fb6e509eadc5b50616572e83.jpg,1771641,0,,【敖厂长】朝花夕拾,74,89742
,,,,,,,,,,,,,,,,,,
敖厂长,2199,1998886,,286,1423889583,敖厂长 清晰版地址：http://v.youku.com/v_show/id_XODkyOTA4MjAw.html,3031,0,27:03,122879,10,//i0.hdslb.com/bfs/archive/975f4620f4716ec8cf78dedd888a3b0cdbc527c5.jpg,1395415,0,,【敖厂长】在MC中包二奶,17,72040
,,,,,,,,,,,,,,,,,,
敖厂长,2296,1985371,,286,1423627146,youku 720P清晰版：http://v.youku.com/v_show/id_XODkwMTMyNjI0.html,2840,0,30:49,122879,10,//i2.hdslb.com/bfs/archive/73cd275ce482e139bbdfcf6086fdeb408ff12a02.jpg,1274253,0,,【敖厂长】在MC中养只狗,17,69810
,,,,,,,,,,,,,,,,,,
敖厂长,2504,1972701,,286,1423365860,youku 720P 清晰版本：http://v.youku.com/v_show/id_XODg4NzY4MjYw.html,2974,0,25:17,122879,10,//i1.hdslb.com/bfs/archive/6839410922d6e3bf1b8b4d622643c5b4e97f1d5d.jpg,1508952,0,,【敖厂长】讨伐!远古守护者,17,75620
,,,,,,,,,,,,,,,,,,
敖厂长,3177,1958156,,286,1423035748,youku 720P清晰版：http://v.youku.com/v_show/id_XODg2MjI2NTQ4.html,4149,0,36:06,122879,10,//i0.hdslb.com/bfs/archive/76bda4f15259a2ca81935c572b9a0c883fabcb4b.jpg,1877197,0,,【敖厂长】MC真有海底神殿？,17,116219
,,,,,,,,,,,,,,,,,,
敖厂长,2241,1955186,,286,1422957690,youku 720P 清晰版本http://v.youku.com/v_show/id_XODg1Njk1NjQ0.html,2486,0,18:03,122879,10,//i1.hdslb.com/bfs/archive/bcd9cb951ab596e45f525c901dce745da59d2717.jpg,1017190,0,,【敖厂长】在MC中酿酒,17,56908
,,,,,,,,,,,,,,,,,,
敖厂长,4634,1943497,,286,1422688067,youku 720P清晰版地址：http://v.youku.com/v_show/id_XODgzNDY5Mzc2.html,10971,0,08:57,122879,10,//i2.hdslb.com/bfs/archive/c4c10a157fc9592b8440f995881badfe194ae335.jpg,3119747,0,,【敖厂长】国产PSP炫瞎狗眼,17,68610
,,,,,,,,,,,,,,,,,,
敖厂长,1823,1913210,,286,1421913054,youku 优酷720P:http://v.youku.com/v_show/id_XODc3MTMwNTY4.html,4786,0,17:30,122879,10,//i1.hdslb.com/bfs/archive/7e09a19b08fd17813caccfbc51f6b840555f3728.jpg,1879687,0,,【敖厂长】厂长躲厕所里,17,50983
,,,,,,,,,,,,,,,,,,
敖厂长,2221,1904846,,286,1421662096,youku 720P地址：http://v.youku.com/v_show/id_XODc1MTUyNTA4.html,6769,0,08:48,122879,10,//i1.hdslb.com/bfs/archive/7e551a3fb73c6b90e8f5712dc8ac48c1cef08983.jpg,1724838,0,,【敖厂长】厂长搞火箭,17,52714
,,,,,,,,,,,,,,,,,,
敖厂长,2199,1898302,,286,1421497213,youku 优酷720P地址：http://v.youku.com/v_show/id_XODczODQxNDky.html,3577,0,26:09,122879,10,//i0.hdslb.com/bfs/archive/dd1561eb48915ac55ebc1e3035d005d77f023654.jpg,1517360,0,,【敖厂长】厂长变香蕉,171,74580
,,,,,,,,,,,,,,,,,,
敖厂长,3024,1888137,,286,1421221278,youku 优酷720P 清晰版本：http://v.youku.com/v_show/id_XODcxNDE2Nzg4.html,2559,0,28:04,122879,10,//i1.hdslb.com/bfs/archive/c0b04136e50cd6c79f8134eaa823c3f016dd0725.jpg,1085461,0,,【敖厂长】公寓厂长完结！,17,33044
,,,,,,,,,,,,,,,,,,
敖厂长,1448,1885330,,286,1421128097,Youku 优酷720P清晰版地址:http://v.youku.com/v_show/id_XODcwNzI1MzQw.html,2350,0,24:16,122879,10,//i0.hdslb.com/bfs/archive/b1a630eac076522ddc283ec86e52254f63d4da71.jpg,965568,0,,【敖厂长】我真的没玩MC,17,25518
,,,,,,,,,,,,,,,,,,
敖厂长,1378,1881249,,286,1420983742,youku 优酷720P清晰版地址：http://v.youku.com/v_show/id_XODY5MzA4MzU2.html,3222,0,34:33,122879,10,//i1.hdslb.com/bfs/archive/23f58830841e6bcb1dfab1d354a10d7fcd8d260d.jpg,1330198,0,,【敖厂长】欺骗与真相,17,34141
,,,,,,,,,,,,,,,,,,
敖厂长,2687,1880491,,286,1420971609,youku 优酷720P清晰版：http://v.youku.com/v_show/id_XODY5NDA1MTky.html,6185,0,33:56,122879,10,//i1.hdslb.com/bfs/archive/a2aa729b19549f5eb131682bbb7fc57788a7a066.jpg,2003901,0,,【敖厂长】玩完就精神崩溃,17,58001
,,,,,,,,,,,,,,,,,,
敖厂长,2071,1876287,,286,1420881453,优酷720P清晰版地址：http://v.youku.com/v_show/id_XODY4NjYzNDg0.html,4009,0,16:42,122879,10,//i2.hdslb.com/bfs/archive/06fbd9944203252801d164d254e2e70bdf139dd7.jpg,1431184,0,,【敖厂长】身陷空旷大楼,17,42344
,,,,,,,,,,,,,,,,,,
敖厂长,2576,1846807,,286,1420029030,youku 优酷720P清晰版地址：http://v.youku.com/v_show/id_XODYxMzQwMTA0.html,2458,0,13:09,122879,10,//i1.hdslb.com/bfs/archive/e0f2d798b1a33c0eef0ec9da67f3bc57ef865b2d.jpg,1381638,0,,【敖厂长】情敌施计害厂长,17,48964
,,,,,,,,,,,,,,,,,,
敖厂长,5366,1773850,,286,1417754326,youku 优酷720P清晰版地址：http://v.youku.com/v_show/id_XODQyMDAzNDY4.html,5659,0,07:00,122879,10,//i0.hdslb.com/bfs/archive/347d884e70cafe991ebc182f10da065b507fd115.jpg,2751319,0,,【敖厂长】突然暴毙的游戏,17,45544
,,,,,,,,,,,,,,,,,,
敖厂长,2000,1703505,,286,1415698466,youku 720P观看地址：http://v.youku.com/v_show/id_XODI0NDAyMDg0.html,2721,0,31:43,122879,10,//i2.hdslb.com/bfs/archive/3b73d11d553e298c087dd840026ad8f02e4fdd12.jpg,1251967,0,,【敖厂长】在MC中过光棍节,17,48922
,,,,,,,,,,,,,,,,,,
敖厂长,3574,1701658,,286,1415630077,youku 优酷720P地址：http://v.youku.com/v_show/id_XODIzODczODg0.html,3346,0,54:45,122879,10,//i0.hdslb.com/bfs/archive/f260569fa54288314ceb165934b12f91c0e8f0ee.jpg,1271804,0,,【敖厂长】在MC中过生日,17,120925
,,,,,,,,,,,,,,,,,,
敖厂长,2036,1689868,,286,1415340819,youku 优酷720P地址：http://v.youku.com/v_show/id_XODIxMjQ5MTMy.html,5174,0,08:31,122879,10,//i2.hdslb.com/bfs/archive/f345dc4b8ce366ebf6fc5925039599cf10900401.jpg,2696193,0,,【敖厂长】世纪初最强FPS,17,31827
,,,,,,,,,,,,,,,,,,
敖厂长,2280,1669883,,286,1414735151,youku 完结撒花！,3569,0,127:55,122879,10,//i2.hdslb.com/bfs/archive/97f3689aa2e0a8fcb616cce60ac96095f055fe4c.jpg,1585105,0,,【敖厂长】丧尸厂长完结篇！,17,88508
,,,,,,,,,,,,,,,,,,
敖厂长,1486,1647987,,286,1414114308,自制 720P清晰地址:http://v.youku.com/v_show/id_XODA5ODMzNTQ4.html,1686,0,46:20,122879,10,//i2.hdslb.com/bfs/archive/859a892eeb51f45724a7f1f9b973470d15e45c9c.jpg,1252507,0,,【敖厂长】懒惰的官二代,17,44933
,,,,,,,,,,,,,,,,,,
敖厂长,1581,1633018,,286,1413637989,自制 这段时间在魔都出差，无暇顾及新视频，不过随手录制的丧尸厂长继续更新，等我出差回来，一定会更新《我不是吃货》！,2454,0,108:05,122879,10,//i2.hdslb.com/bfs/archive/a30891eadac5519cbdb0fb7b37f3146a8fa7925b.jpg,1799601,0,,【敖厂长】基佬与宇航员,17,83718
,,,,,,,,,,,,,,,,,,
敖厂长,2026,1618488,,286,1413187779,"youku 转自优酷：http://v.youku.com/v_show/id_XODAwNDEyNzA0.html

http://v.youku.com/v_show/id_XODAxNjI5ODg4.html",3133,0,67:47,122879,10,//i2.hdslb.com/bfs/archive/a90659b6553844edf1183035e84dc874ae33d290.jpg,2045238,0,,【敖厂长】肥婆与变态,17,81391
,,,,,,,,,,,,,,,,,,
敖厂长,2000,1603663,,286,1412733313,youku 优酷720P:http://v.youku.com/v_show/id_XNzk4NTU1MTc2.html,3450,0,24:00,122879,10,//i2.hdslb.com/bfs/archive/217fd96be7587b5ddd0e88dd32b0c58d9a560430.jpg,2551941,0,,【敖厂长】遭遇CF女玩家,17,38066
,,,,,,,,,,,,,,,,,,
敖厂长,1525,1601772,,286,1412673838,自制 转自优酷:http://v.youku.com/v_show/id_XNzk3NjQ2MzE2.html,1783,0,41:33,122879,10,//i0.hdslb.com/bfs/archive/e287973aca40a3f7ce8874aee229231ed4ea58a4.jpg,1110352,0,,【敖厂长】遭遇!变态外科医师,17,44451
,,,,,,,,,,,,,,,,,,
敖厂长,1793,1582694,,286,1412290236,youku 优酷720P清晰版地址：http://v.youku.com/v_show/id_XNzk1NjE5NTI0.html,2683,0,48:00,122879,10,//i2.hdslb.com/bfs/archive/10b625abc30ed8416b2b29004e7de87f3e3de3e5.jpg,1813869,0,,【敖厂长】我羞耻我PLAY,17,85478
,,,,,,,,,,,,,,,,,,
敖厂长,1517,1575419,,286,1412133847,youku 优酷720P清晰版本地址：http://v.youku.com/v_show/id_XNzkzNjYxMjQw.html,1814,0,30:08,122879,10,//i0.hdslb.com/bfs/archive/98ddceb73f0dfb20f097e0d30498c051519d9439.jpg,1281708,0,,【敖厂长】灭杀!失落天使帮首领,17,43436
,,,,,,,,,,,,,,,,,,
敖厂长,2260,1571474,,286,1412007082,youku 优酷720P清晰版本地址：http://v.youku.com/v_show/id_XNzkzNjYxNTY4.html,8827,0,08:00,122879,10,//i2.hdslb.com/bfs/archive/5101061e30ae37290973eedb8bfb111dcfe0f115.jpg,3547510,0,,【敖厂长】中国最牛三国游戏,17,41720
,,,,,,,,,,,,,,,,,,
敖厂长,1861,1556043,,286,1411521332,Youku 优酷720P清晰地址：http://v.youku.com/v_show/id_XNzg4ODAyNjY4.html,3532,0,36:39,122879,10,//i2.hdslb.com/bfs/archive/cbb697d1faf08abb33496c5490e7bba5224eee30.jpg,2320571,0,,【敖厂长】讨伐!中华狂暴武僧,17,68324
,,,,,,,,,,,,,,,,,,
敖厂长,3575,1541998,,286,1411096423,优酷720P清晰版本：http://v.youku.com/v_show/id_XNzg1ODU2NDMy.html,12277,0,13:59,122879,10,//i0.hdslb.com/bfs/archive/82baf0f0b197543ecfdce7cae1806d46186d0b66.jpg,3284407,0,,【敖厂长】游戏史最严重灾难,17,60679
,,,,,,,,,,,,,,,,,,
敖厂长,4464,1538856,,286,1410959679,youku 优酷720P清晰版本地址：http://v.youku.com/v_show/id_XNzg0NjI5MDk2.html,5846,0,47:10,122879,10,//i1.hdslb.com/bfs/archive/f2d556ca9da1384ac2cbbea606d566c220b3ac8e.jpg,1873627,0,,【敖厂长】讨伐!雌雄末影龙,17,141171
,,,,,,,,,,,,,,,,,,
敖厂长,3172,1524820,,286,1410537814,youku 转自优酷 清晰版本地址：http://v.youku.com/v_show/id_XNzgwNjUxMzI0.html,12873,0,09:22,122879,10,//i2.hdslb.com/bfs/archive/d013cbf6ad72c81d0c7cf539981aa4b52777934d.jpg,5029600,0,,【敖厂长】被文化部封杀的游戏,17,79121
,,,,,,,,,,,,,,,,,,
敖厂长,4567,1519053,,286,1410345176,youku 720p清晰版本地址:http://v.youku.com/v_show/id_XNzc4NzM5NTg4.html,3605,0,42:02,122879,10,//i1.hdslb.com/bfs/archive/814af6ad1667948f6faff50646278de35f71c323.jpg,1600873,0,,【敖厂长】MC地狱中养鸡,17,108804
,,,,,,,,,,,,,,,,,,
敖厂长,5499,1463935,,286,1408984684,youku 转自优酷:http://v.youku.com/v_show/id_XNzYxNzIzMDA0.html,3724,0,16:24,122879,10,//i2.hdslb.com/bfs/archive/e2fbafd9c97cf181b7671d2caa4dca199a4e27b5.jpg,2310839,0,,【敖厂长】讨伐!上古凋灵,17,100644
,,,,,,,,,,,,,,,,,,
敖厂长,15947,1436642,,286,1408442910,youku 优酷720P观看地址：http://v.youku.com/v_show/id_XNzU4MTkyNTE2.html,8604,0,46:07,122879,10,//i0.hdslb.com/bfs/archive/c9edf7930d9a2655af935547492db71780a846a2.jpg,3979450,0,,【敖厂长】在MC中转角遇爱,17,288352
,,,,,,,,,,,,,,,,,,
敖厂长,3346,1423439,,286,1408176392,youku 优酷720P观看地址：http://v.youku.com/v_show/id_XNzU2NjMxNTIw.html,3316,0,27:35,122879,10,//i1.hdslb.com/bfs/archive/e605fbc5e457a6fc2bac612fc1160d43fd1049be.jpg,1942419,0,,【敖厂长】MC中发现沙漠神殿,17,103152
,,,,,,,,,,,,,,,,,,
敖厂长,2510,1416477,,286,1408032174,优酷 720P清晰版本地址：http://v.youku.com/v_show/id_XNzU1ODU2MTM2.html,3380,0,45:31,122879,10,//i2.hdslb.com/bfs/archive/4775f9b67f222a923866f158163f5277ea5fc214.jpg,1582209,0,,【敖厂长】在MC中建设高铁,17,147997
,,,,,,,,,,,,,,,,,,
敖厂长,3721,1384160,,286,1407387354,自制 优酷清晰版观看地址：http://v.youku.com/v_show/id_XNzUyMTA0NjM2.html,3664,0,57:35,122879,10,//i1.hdslb.com/bfs/archive/1b4a206ecf419474c92b06704e7d77200aeca400.jpg,2103498,0,,【敖厂长】MC中挥泪洒骨灰,17,174050
,,,,,,,,,,,,,,,,,,
敖厂长,3515,1367874,,286,1407055884,youku 优酷720P清晰版地址：http://v.youku.com/v_show/id_XNzUwMjYxNzA4.html,3825,0,52:40,122879,10,//i0.hdslb.com/bfs/archive/12244b80cec9bd0f28a2d0283df15191d88c9897.jpg,2026073,0,,【敖厂长】与猪在MC中愉快玩耍,17,157364
,,,,,,,,,,,,,,,,,,
敖厂长,2312,1363439,,286,1406971745,youku 清晰版观看地址：http://v.youku.com/v_show/id_XNzQ5ODU5NTI4.html,4507,0,64:44,122879,10,//i2.hdslb.com/bfs/archive/7827c026644056b094d34ed5f7a34aba92dda7ff.jpg,1772347,0,,【敖厂长】在MINECRAFT中成家立业,17,201730
,,,,,,,,,,,,,,,,,,
敖厂长,4746,1355587,,286,1406825117,YOUKU 清晰版720P地址:http://v.youku.com/v_show/id_XNzQ5MDQ4MzAw.html,11616,0,45:38,122879,10,//i1.hdslb.com/bfs/archive/64017db77070cb3dcc9350c984cde8d616d8d5cb.jpg,4205514,0,,【敖厂长】MC玩家看完就自杀了,17,207588
,,,,,,,,,,,,,,,,,,
敖厂长,3274,1332099,,286,1406347206,youku 优酷清晰版地址：http://v.youku.com/v_show/id_XNzQ2MjIyMDg0.html,8089,0,08:05,122879,10,//i2.hdslb.com/bfs/archive/63c8b34f22b7604488e6350035e130eea98d4c21.jpg,3765070,0,,【敖厂长】充满小姐的游戏,17,62822
,,,,,,,,,,,,,,,,,,
敖厂长,2051,1305389,,286,1405748551,youku 优酷观看地址：http://v.youku.com/v_show/id_XNzQyODY4NDQ4.html,10903,0,09:51,122879,10,//i2.hdslb.com/bfs/archive/d8558cd963a7e05da1362d64d522f4fe40b54a72.jpg,3763679,0,,【敖厂长】玩完就精神崩溃的荷兰游戏,17,76207
,,,,,,,,,,,,,,,,,,
敖厂长,6546,1214924,,286,1403241980,自制 优酷清晰版:http://v.youku.com/v_show/id_XNzI5MDYzOTY4.html,24664,0,11:59,122879,10,//i0.hdslb.com/bfs/archive/71dbb5b2041539cf1cf40494c022eb247f92f8a2.jpg,4902010,0,,【敖厂长】致日本儿童死亡的游戏,17,121666
,,,,,,,,,,,,,,,,,,
敖厂长,658,1091604,,286,1398766347,优酷 转自优酷：http://v.youku.com/v_show/id_XNzA1NDU2NTQw.html,791,0,04:51,122879,10,//i1.hdslb.com/bfs/archive/89bf8a009ed958f7b19d7a6f0c1b480825010bce.jpg,724855,0,,敖厂长悼念鬼武者（删节版）,17,6064
,,,,,,,,,,,,,,,,,,
敖厂长,1325,1091538,,286,1398764038,自制 转自优酷：http://v.youku.com/v_show/id_XNzA1NDMwNDky.html,1334,0,12:35,122879,10,//i1.hdslb.com/bfs/archive/b31c962c8473db6fa0365992b6db870c34468195.jpg,1286037,0,,敖厂长被黑暗之魂虐,17,20367
,,,,,,,,,,,,,,,,,,
敖厂长,3402,1085529,,286,1398497375,自制 优酷清晰版 地址：http://v.youku.com/v_show/id_XNzA0MDM5MDMy.html,2445,0,10:45,122879,10,//i1.hdslb.com/bfs/archive/de8082ec8f5b18e3896b1ed9d6ac6d697c08762a.jpg,1574314,0,,敖厂长卷土重来！,17,49910
,,,,,,,,,,,,,,,,,,
敖厂长,4386,1035368,,286,1396171736,【敖厂长再遇恐怖游戏BUG】清晰地址：http://v.youku.com/v_show/id_XNjkyMTgyMjc2.html,13329,0,20:44,122879,10,//i1.hdslb.com/bfs/archive/a90118e8719ce4bb40dccdcf20677729ff29fe8f.jpg,2970851,0,,敖厂长被撞飞,17,195142
,,,,,,,,,,,,,,,,,,
敖厂长,3169,1002131,,286,1394351713,清晰版地址：http://v.youku.com/v_show/id_XNjgyODMyMzU2.html,6675,0,06:30,122879,10,//i2.hdslb.com/bfs/archive/275413d97990ba2ced81346d18dcb60bee579b48.jpg,2205072,0,,敖厂长骂遍日本游戏厂商(上),17,30719
,,,,,,,,,,,,,,,,,,
敖厂长,1751,963744,,286,1392349562,清晰版：http://v.youku.com/v_show/id_XNjcyODcxMzA0.html,9131,0,10:21,122879,10,//i2.hdslb.com/bfs/archive/ee5394b473213c2feb5d8b31aff021f970a6e24d.jpg,2141994,0,,敖厂长拆散情侣,17,59194
,,,,,,,,,,,,,,,,,,
敖厂长,2116,918574,,286,1390122221,优酷网清晰版地址：http://v.youku.com/v_show/id_XNjYzNjQ3NTYw.html,3230,0,05:16,122879,10,//i0.hdslb.com/bfs/archive/61590164cbb3fc23b6c7b0baa1fed911a7030800.png,1839432,0,,敖厂长惨遭手游坑钱！,172,20482
,,,,,,,,,,,,,,,,,,
敖厂长,9510,891902,,286,1388388442,优酷清晰版：http://v.youku.com/v_show/id_XNjU1MDIwMTQ0.html,30567,0,05:23,122879,10,//i0.hdslb.com/bfs/archive/67f92a5330e321fc6d13268856f88e2b8e66914d.jpg,3151618,0,,敖厂长怒喷人民币玩家,17,82119
,,,,,,,,,,,,,,,,,,
敖厂长,902,887754,,286,1388108285,sina 老片子了，一直没放出来,1969,0,02:55,122879,10,//i2.hdslb.com/bfs/archive/aadfe6ee6cf4b72578a33a39b96801ba629fde7d.jpg,942587,0,,敖厂长失恋怪谈,74,28308
,,,,,,,,,,,,,,,,,,
敖厂长,2211,853956,,286,1385717459,youku 敖厂长 导演 公益短片,2571,0,11:22,122879,10,//i2.hdslb.com/bfs/archive/e1dcf5f5f0dc7b6e1412b3d4739d5cec989a7ab0.jpg,1126753,0,,敖厂长诠释【抑郁症】,74,27870
,,,,,,,,,,,,,,,,,,
敖厂长,1261,830392,,286,1384077351,youku 使命召唤幽灵,3231,0,17:02,122879,10,//i0.hdslb.com/bfs/archive/ff7632904d04ed8c2e505bc1e1f1380cf780d962.jpg,1945873,0,,敖厂长发现使命召唤幽灵隐藏剧情！,17,40304
,,,,,,,,,,,,,,,,,,
敖厂长,2906,829947,,286,1384062556,youku 【敖叔战地4被队友卖】《反·囧的呼唤》23集,1763,0,26:34,122879,10,//i1.hdslb.com/bfs/archive/c6040b379b37a60b9723e65abaf5e7af92ec3d90.jpg,1434892,0,,敖厂长居然被队友卖,17,24802
,,,,,,,,,,,,,,,,,,
敖厂长,961,821280,,286,1383469962,优酷地址：http://v.youku.com/v_show/id_XNjI5OTE3Mjg0.html,2532,0,19:42,122879,10,//i1.hdslb.com/bfs/archive/18e7549a543f781d7d02aa1b9bcb7d2e867fc0a2.jpg,1729532,0,,敖厂长遭遇 进击的女巨人,17,44472
,,,,,,,,,,,,,,,,,,
敖厂长,492,809348,,286,1382688850,优酷清晰地址： http://v.youku.com/v_show/id_XNjI2MTQ0MzMy.html,1718,0,13:22,122879,10,//i0.hdslb.com/bfs/archive/34944f432a0084d90bab180dd71e015f13b7ce1d.jpg,1073026,0,,敖厂长帮元首捡节操,17,31152
,,,,,,,,,,,,,,,,,,
敖厂长,709,799451,,286,1381991809,youku 他一直在我后面!!!!,1892,0,09:46,122879,10,//i0.hdslb.com/bfs/archive/3ce69474d9cb3488788ef5973157cd34b072dd81.jpg,1463644,0,,敖厂长被光头吓得阳痿,17,41556
,,,,,,,,,,,,,,,,,,
敖厂长,959,791245,,286,1381393748,优酷清晰地址：http://v.youku.com/v_show/id_XNjE5NTkyMDQw.html,4139,0,06:55,122879,10,//i1.hdslb.com/bfs/archive/93b2b66a4013b769905206df00e42012c10ca3a7.jpg,2183753,0,,敖厂长因垃圾游戏小便失禁,17,29145
,,,,,,,,,,,,,,,,,,
敖厂长,755,781018,,286,1380758207,youku 【敖厂长】解读超级机器人大战,1468,0,13:51,122879,10,//i1.hdslb.com/bfs/archive/b88117307ee67a16e2bee54bb8ab965c4721a418.jpg,1384111,0,,【敖厂长】解读超级机器人大战,17,21000
,,,,,,,,,,,,,,,,,,
敖厂长,1672,780275,,286,1380706275,清晰版观看地址: http://v.youku.com/v_show/id_XNjE2MzE0Njky.html,2106,0,07:15,122879,10,//i2.hdslb.com/bfs/archive/5035095c12a1de8dfd8a8e5416031248c44adbaa.png,1183514,0,,敖厂长怒喷古剑奇谭2,17,20602
,,,,,,,,,,,,,,,,,,
敖厂长,679,772649,,286,1380180633,优酷清晰版观看地址: http://v.youku.com/v_show/id_XNjEzODYwNjIw.html,4685,0,17:05,122879,10,//i1.hdslb.com/bfs/archive/d02f63531931dbc4bbed2409c563e4722fba9dc1.jpg,1878072,0,,敖厂长节操彻底丧失!,17,49464
,,,,,,,,,,,,,,,,,,
敖厂长,1396,758056,,286,1379085263,"油库 敖厂长和两个妹子一起玩逃生,一个妹子胆子大,一个妹子胆子小",1908,0,14:08,122879,10,//i2.hdslb.com/bfs/archive/93b5e9adf42e11c4b3a0f401987288a28f6ddb07.jpg,1374516,0,,敖厂长欠债被追,17,44562
,,,,,,,,,,,,,,,,,,
敖厂长,975,756831,,286,1378988538,youku 轩辕剑6,2151,0,09:09,122879,10,//i2.hdslb.com/bfs/archive/5ed480dbaea453b4f53114bf24285a20abe44c3e.jpg,1322580,0,,敖厂长怒喷轩辕剑6,17,28374
,,,,,,,,,,,,,,,,,,
敖厂长,2544,710323,,286,1376555478,油库 墨西哥射击游戏,17741,0,06:27,122879,10,//i2.hdslb.com/bfs/archive/0dd617afa493f1e6a3f2984b2171869dc82042b1.jpg,5430895,0,,敖厂长再遇垃圾游戏,171,55289
,,,,,,,,,,,,,,,,,,
敖厂长,1032,664655,,286,1374566033,油库 【厂长遭遇最恐怖游戏BUG】囧的呼唤147期,5527,0,19:21,122879,10,//i1.hdslb.com/bfs/archive/1a0258a3c37749dd08ec883b2d050b219b7dff80.jpg,1868144,0,,敖厂长被弹飞,17,92795
,,,,,,,,,,,,,,,,,,
敖厂长,1354,647653,,286,1373714030,youku 【养鸡厂新来的记者同志】成都养鸡二厂人物志- Frank,5588,0,15:02,122879,10,//i2.hdslb.com/bfs/archive/6bf4e1eab13d90c6813708f90af10fce94f3762d.jpg,2683581,0,,敖厂长全面丧失！,17,84901
,,,,,,,,,,,,,,,,,,
敖厂长,1728,617207,,286,1372137678,油库 厂长回忆流星蝴蝶剑单机版,2047,0,05:58,122879,10,//i0.hdslb.com/bfs/archive/8d16d701836fca6a8d524004da5c5c27dc97024e.jpg,937225,0,,厂长回忆流星蝴蝶剑,17,17183
,,,,,,,,,,,,,,,,,,
敖厂长,581,605221,,286,1371363315,youku 敖厂长的使命召唤9联机实况,1292,0,16:15,122879,10,//i1.hdslb.com/bfs/archive/fbc0c5737df1586387f33d90dc565613f110cb9a.jpg,1429269,0,,敖厂长又开小耗子,17,24737
,,,,,,,,,,,,,,,,,,
敖厂长,852,592562,,286,1370509951,油库 囧的呼唤145期,3414,0,08:37,122879,10,//i1.hdslb.com/bfs/archive/c115e84930e1a2a48f9455443bf7017ad04f34e1.jpg,1366180,0,,敖厂长蛋蛋被击爆,17,36554
,,,,,,,,,,,,,,,,,,
敖厂长,589,578937,,286,1369477790,油库 囧的呼唤144期,4015,0,06:59,122879,10,//i1.hdslb.com/bfs/archive/ec57bd0d3dc608f7710517485a8ef7d261ec3a15.jpg,1256112,0,,敖厂长被基佬毁三观,17,21855
,,,,,,,,,,,,,,,,,,
敖厂长,934,563620,,286,1368258806,sina Slender,1629,0,09:26,122879,10,//i0.hdslb.com/bfs/archive/f58f51fd316383ae6375ad93fadaab18ecea5a45.jpg,1207046,0,,厂长还被吓肾虚！,17,42478
,,,,,,,,,,,,,,,,,,
敖厂长,274,533136,,286,1365762224,sina 【史上最快通关的游戏】囧的呼唤143期,1274,0,07:29,122879,10,//i2.hdslb.com/bfs/archive/70f4ef9850d0b1b918a43b61f81e1db8d3aa932a.jpg,873449,0,,厂长大战食堂大妈,17,12121
,,,,,,,,,,,,,,,,,,
敖厂长,1324,509064,,286,1363782713,sina 模拟城市5BUG多,6799,0,06:39,122879,10,//i1.hdslb.com/bfs/archive/6c2b616b43d3096ff4a22826e46775ff73366008.jpg,2182027,0,,厂长被EA坑出翔,17,19716
,,,,,,,,,,,,,,,,,,
敖厂长,540,488562,,286,1361959741,sina 显卡危机3居然可以这么玩？！,1908,0,17:19,122879,10,//i1.hdslb.com/bfs/archive/224f3379b2f6cf34323a6cb6e8bbce391165221c.jpg,1575007,0,,厂长显卡被炸飞！,17,36292
,,,,,,,,,,,,,,,,,,
敖厂长,443,463507,,286,1360139941,"自制 三年前的旧作,很少有人看到过",1388,0,07:04,122879,10,//i2.hdslb.com/bfs/archive/1d55b71f218122c20cf69148b094af64d12972ad.jpg,1004579,0,,[2013拜年祭]敖厂长追忆童年,63,8915
,,,,,,,,,,,,,,,,,,
敖厂长,4243,454394,,286,1359432795,sina 厂长调戏SCP173,8305,0,06:09,122879,10,//i2.hdslb.com/bfs/archive/81ff20ca005a0adaf57603f98081a4002bfb2010.jpg,2722989,0,,厂长调戏SCP173,17,36377
,,,,,,,,,,,,,,,,,,
敖厂长,1059,445847,,286,1358666458,sina 厂长怒评古剑奇谭！,1696,0,08:15,122879,10,//i0.hdslb.com/bfs/archive/86e80183eb4c975fdc621be3100ac3901fde2911.jpg,800750,0,,厂长怒评古剑奇谭！,65,16181
,,,,,,,,,,,,,,,,,,
敖厂长,549,444300,,286,1358518211,sina 厂长作品,2348,0,05:53,122879,10,//i1.hdslb.com/bfs/archive/ada729607814a312678b825d72b1c4065f2e70fa.jpg,911382,0,,厂长竟成了基佬！,17,11677
,,,,,,,,,,,,,,,,,,
敖厂长,401,439840,,286,1358065313,sina 正当防卫,981,0,09:11,122879,10,//i0.hdslb.com/bfs/archive/7a8d89cb276e4cc1f4c4c998908cb3246556e59c.jpg,702605,0,,厂长活用催情鞭,17,25618
,,,,,,,,,,,,,,,,,,
敖厂长,793,437875,,286,1357887884,sina 厂长被国产游戏雷出翔,3341,0,10:23,122879,10,//i2.hdslb.com/bfs/archive/e889149eae7d18cb647d46dc222e14f7e25cd901.jpg,1866668,0,,厂长被国产游戏雷出翔,17,28821
,,,,,,,,,,,,,,,,,,
敖厂长,412,435551,,286,1357640127,sina 噩梦之屋2,860,0,08:49,122879,10,//i2.hdslb.com/bfs/archive/06f6d8cebd692f27f23ae70d5941c24661efe713.jpg,714839,0,,厂长又被吓阳痿了！哎~~,17,23420
,,,,,,,,,,,,,,,,,,
敖厂长,414,434736,,286,1357549470,sina 厂长竟没被吓肾虚,605,0,09:04,122879,10,//i1.hdslb.com/bfs/archive/af5f966e6c1ef961c317fc4d98293e04bb69c670.jpg,661275,0,,厂长竟没被吓肾虚,17,19889
,,,,,,,,,,,,,,,,,,
敖厂长,639,425685,,286,1356692223,平壤赛车,2994,0,09:22,122879,10,//i1.hdslb.com/bfs/archive/0d9a7ed15bb5dfae7a2e5c16082ea663e42a133f.jpg,1010137,0,,厂长怒骂平壤赛车,17,19339
,,,,,,,,,,,,,,,,,,
敖厂长,750,419412,,286,1355975684,sina 吴克传,3079,0,04:40,122879,10,//i2.hdslb.com/bfs/archive/f01e17b8ecfa6ed8c75b554b3ab0864414800cb6.jpg,1591370,0,,厂长屌被炸飞,17,18067
,,,,,,,,,,,,,,,,,,
敖厂长,399,414993,,286,1355475311,优酷 狩猎游戏的尴尬境地,894,0,07:40,122879,10,//i0.hdslb.com/bfs/archive/8bba3883fd2322c85b99d378daf6bf1ee39d3c4e.jpg,516185,0,,厂长居然尾行母猪,17,9007
,,,,,,,,,,,,,,,,,,
敖厂长,151,414026,,286,1355323742,油库 吴克传,476,0,05:27,122879,10,//i1.hdslb.com/bfs/archive/bdf844d3c4358a9cd7775fd2f6dc75308d3e7a4c.jpg,446357,0,,厂长竟又遭查水表（续篇）,17,5653
,,,,,,,,,,,,,,,,,,
敖厂长,333,413629,,286,1355289062,sina 反囧的呼唤吴克传,871,0,09:20,122879,10,//i1.hdslb.com/bfs/archive/4ce793e7790b35fda1ae20f5d5c5c8914eabb15e.png,776640,0,,厂长竟又遭查水表,17,12725
,,,,,,,,,,,,,,,,,,
敖厂长,777,413109,,286,1355217827,sina 世界上最昂贵的食品,1715,0,05:45,122879,10,//i1.hdslb.com/bfs/archive/0c974cb77bb3f713f594652d13a4aecdcbab90f7.jpg,804474,0,,敖叔怒评切糕,74,6629
,,,,,,,,,,,,,,,,,,
敖厂长,726,382469,,286,1351227835,sina 荒野求生,1325,0,12:22,122879,10,//i0.hdslb.com/bfs/archive/129bc7aac1f0fc9b34cfa1aaeb1e82f646c3c189.jpg,1195217,0,,贝爷惨遭厂长轰杀,17,30082
,,,,,,,,,,,,,,,,,,
敖厂长,459,376487,,286,1350360644,sina 斯大林,986,0,10:06,122879,10,//i0.hdslb.com/bfs/archive/98296f5dbcf5c2c2ec8c79352b666a02a91fb6fe.jpg,747346,0,,厂长被斯大林气出翔,17,13014
,,,,,,,,,,,,,,,,,,
敖厂长,1065,374510,,286,1350112590,sina <耻辱>讲解,3587,0,20:30,122879,10,//i0.hdslb.com/bfs/archive/b6e86f377909a65074278076aa598b3329df430b.jpg,1721243,0,,厂长竟然大闹青楼,17,28146
,,,,,,,,,,,,,,,,,,
敖厂长,310,373037,,286,1349937469,sina CS: GO,648,0,13:27,122879,10,//i0.hdslb.com/bfs/archive/cc4669eec33d84984bab72fba82e9eda952f2f4f.jpg,664370,0,,厂长拯救基佬,171,17225
,,,,,,,,,,,,,,,,,,
敖厂长,333,365610,,286,1348987944,新浪 狼堡行动,1165,0,07:02,122879,10,//i1.hdslb.com/bfs/archive/1c34a0978b53da5f5f2e0cae8590be789cab5a37.jpg,515973,0,,你这熊样还想保护元首?,17,8605
,,,,,,,,,,,,,,,,,,
敖厂长,331,361484,,286,1348322234,新浪 厂长竟然喋血街头,659,0,05:26,122879,10,//i0.hdslb.com/bfs/archive/b5affee1af6c866489d80e9dc81a71d5f4b3247b.jpg,607902,0,,厂长竟然喋血街头,17,6615
,,,,,,,,,,,,,,,,,,
敖厂长,429,344943,,286,1345978917,新浪 厂长,725,0,10:01,122879,10,//i2.hdslb.com/bfs/archive/f02de3889b5432b11ec7d127370db15e61c6eba5.jpg,743093,0,,厂长竟将领导射入泳池,17,16213
,,,,,,,,,,,,,,,,,,
敖厂长,377,327914,,286,1344178865,油库 厂长竟关键时刻卖队友!,320,0,06:37,122879,10,//i2.hdslb.com/bfs/archive/c9b45729741f57fe8d655b90dd6c591c267d57cc.jpg,514671,0,,厂长竟关键时刻卖队友!,17,6525
,,,,,,,,,,,,,,,,,,
敖厂长,386,288203,,286,1339923693,油库 玩具兵:冷战,810,0,11:55,122879,10,//i2.hdslb.com/bfs/archive/e38a3b2398c6069567735fd4abe2f404e1d95157.jpg,512461,0,,厂长虐杀越南猴子,17,12002
,,,,,,,,,,,,,,,,,,
敖厂长,423,279049,,286,1338711644,油库 查水表必须死,699,0,09:42,122879,10,//i2.hdslb.com/bfs/archive/c33462c108571496edc513ca11520319ee809522.jpg,604215,0,,厂长竟遭查水表！,17,15741
,,,,,,,,,,,,,,,,,,
敖厂长,521,278545,,286,1338644831,油库,1676,0,07:57,122879,10,//i0.hdslb.com/bfs/archive/070eb97e8b4afabca9280ab0c190b79f4d99afd6.gif,678029,0,,厂长打造舌尖上的上古卷轴,17,16074
,,,,,,,,,,,,,,,,,,
敖厂长,446,274272,,286,1338037925,油库 PSN游戏《PAIN》,726,0,06:33,122879,10,//i0.hdslb.com/bfs/archive/c784a13023aaa047603fa6c150208f496e8be231.jpg,451331,0,,厂长被刚好蛋疼死,172,7052
,,,,,,,,,,,,,,,,,,
敖厂长,443,265635,,286,1336825176,油库 厂长竟强抢民女,1434,0,06:13,122879,10,//i1.hdslb.com/bfs/archive/0ea01f3103ce1fcf1995c2bb7729adfa440d5cce.jpg,689695,0,,厂长竟强抢民女,17,21422
,,,,,,,,,,,,,,,,,,
敖厂长,812,262185,,286,1336393332,优酷 厂长击爆元首蛋蛋,3022,0,11:28,122879,10,//i1.hdslb.com/bfs/archive/7a8de91f51555df408e7baa628476dddc3e54694.jpg,766885,0,,厂长击爆元首蛋蛋,17,22303
,,,,,,,,,,,,,,,,,,
敖厂长,925,259841,,286,1336095940,优酷 烂到屎无前例的FPS,3110,0,10:19,122879,10,//i2.hdslb.com/bfs/archive/efa84b0b31955105b8db481bab9502d0899c9d2f.jpg,1108817,0,,烂到屎无前例的FPS,17,17547
,,,,,,,,,,,,,,,,,,
敖厂长,362,257443,,286,1335785483,油库 厂长在非洲被火烧屁股,513,0,09:26,122879,10,//i2.hdslb.com/bfs/archive/6d1d63835e1f66f58ae77f8b6ccbbd3a2b49dc37.jpg,458675,0,,厂长在非洲被火烧屁股,17,24146
,,,,,,,,,,,,,,,,,,
敖厂长,1234,255089,,286,1335439240,油库 国产山寨毁厂长童年,4037,0,06:52,122879,10,//i2.hdslb.com/bfs/archive/60f9847b626b7c2e4a7e8112153623f42cd6609b.png,1626523,0,,国产山寨毁厂长童年,17,24542
,,,,,,,,,,,,,,,,,,
敖厂长,551,252038,,286,1334986483,油库 战地2实况,554,0,10:03,122879,10,//i1.hdslb.com/bfs/archive/7e26254f69710af9cc9b056c828880d473f4bb43.jpg,541378,0,,敖厂长被虐得暴粗口,17,7878
,,,,,,,,,,,,,,,,,,
敖厂长,983,227380,,286,1331194302,油库 敖厂长被吓得阳痿,3705,0,08:10,122879,10,//i2.hdslb.com/bfs/archive/42be761c860256f2eaaebd72f07b6746192e3bd8.jpg,1443462,0,,敖厂长被吓得阳痿,17,38830
,,,,,,,,,,,,,,,,,,
敖厂长,463,225615,,286,1330853851,油库 敖厂长节操再度丢失!,547,0,15:05,122879,10,//i1.hdslb.com/bfs/archive/01903659a4c4d670a709ae18f9c5c720f84661e2.jpg,546550,0,,敖厂长节操再度丢失!,17,13525
,,,,,,,,,,,,,,,,,,
敖厂长,361,224725,,286,1330744282,油库 敖厂长节操丢失,1340,0,17:07,122879,10,//i1.hdslb.com/bfs/archive/e9e3a1dcd2b1f54c3bb02632ed9469218083bf1f.jpg,864830,0,,敖厂长节操丢失,17,25359
,,,,,,,,,,,,,,,,,,
敖厂长,2013,150998,,286,1317427936,优酷游戏频道 【都是腾讯惹得祸!】囧的呼唤111期,2992,0,12:17,122879,10,//i1.hdslb.com/bfs/archive/287a7956f42d6f4cf03f678a2e1cccb313c1e218.jpg,2069608,0,,【都是腾讯惹得祸!】囧的呼唤111期,17,30307
,,,,,,,,,,,,,,,,,,
敖厂长,621,91223,,286,1305006001,优酷游戏频道 《囧的呼唤》第100期 单曲MV 原曲 ：ブルーバード 填词：敖厂长 演唱：新月冰冰,1374,0,01:37,122879,10,//i0.hdslb.com/bfs/archive/f05c0f29a6b92a0f067cf96df9248f0c20c50aa1.jpg,455528,0,,敖厂长+新月冰冰,74,3137
,,,,,,,,,,,,,,,,,,
敖厂长,3393,87425,,286,1304146083,优酷游戏频道 囧的呼唤73集-杀戮装甲,1490,0,22:04,122879,10,//i0.hdslb.com/bfs/archive/a5702467d7b6f559b17e81282d70a2af79ff9367.jpg,967669,0,,敖厂长发癫之作眩瞎你狗眼,17,17249
,,,,,,,,,,,,,,,,,,
,,,,,,,,,,,,,,,,,,